Tanggal,TMin,TMax,Tavg,RH_avg,RR,ss,ff_x,ddd_x,ff_avg,ddd_car
23-05-2021,20.8,28.8,24.3,78,1.4,6,4,80,2,SE
24-05-2021,20.2,29.6,24.1,81,8888,5.7,3,210,1,C 
25-05-2021,21.3,28.5,24.4,84,15.5,3.3,5,90,1,C 
26-05-2021,,29.8,,,,1.8,6,60,3,NE
27-05-2021,19.8,29.2,24.7,71,0,9.9,8,60,4,NE
28-05-2021,21.1,30,24.4,80,0,10.2,5,130,2,C 
29-05-2021,20.6,29.2,24.7,82,0.6,7.5,5,340,2,SE
30-05-2021,21.8,29.4,24.3,84,0,7,6,120,2,C 
31-05-2021,20.4,30.6,23.9,82,5.8,6,3,130,1,C 
01-06-2021,20.4,28.8,24.3,79,1.1,3,4,120,1,C 
02-06-2021,19.6,29.4,24.4,76,0.2,6.4,3,70,1,C 
03-06-2021,19.9,29.6,24.5,72,0,9.6,4,70,2,C 
04-06-2021,19.6,29.6,24.6,76,0,9.7,5,10,2,C 
05-06-2021,21.8,29.5,25,72,0,9.8,5,60,2,NE
06-06-2021,21,30.6,25.1,74,0,9.7,3,100,2,E 
07-06-2021,19.7,29.6,23.9,76,19.6,9,4,170,1,C 
08-06-2021,19.8,29.6,24.7,72,1,9.2,4,60,2,S 
09-06-2021,21.4,29,25,77,0,9.1,4,70,2,C 
10-06-2021,22.7,29.2,25.1,83,0,7.7,4,160,1,C 
11-06-2021,20.4,29.2,24.2,82,0.2,5.9,4,130,1,C 
12-06-2021,20,29.6,23.8,81,1,5.3,3,80,1,C 
13-06-2021,19.4,29.4,24.6,73,18.3,6.5,6,90,2,E 
14-06-2021,19.6,29.6,23.9,74,0,10,4,30,2,C 
15-06-2021,19.2,29.6,24.7,75,0,8.1,5,50,2,C 
16-06-2021,20.2,29,23.8,80,8888,7.3,10,80,4,E 
17-06-2021,20.4,28.9,24.1,81,0,6.8,4,110,1,C 
18-06-2021,19.8,30,23.2,82,8888,0.4,3,90,1,C 
19-06-2021,20,29,24.1,78,0,3.9,6,70,2,C 
20-06-2021,19.4,28.4,23.7,75,0.5,7.3,5,60,2,NE
21-06-2021,19.7,27.8,22.8,84,0,7,4,90,1,C 
22-06-2021,19.8,28.4,22.8,87,118.8,4.5,3,140,1,C 
23-06-2021,19.8,28.7,24.1,80,6.2,6.6,6,100,3,C 
24-06-2021,20.8,28.3,23.7,83,0.5,7.2,6,60,3,NE
25-06-2021,20.8,28,23.7,87,12.6,8.6,5,70,2,C 
26-06-2021,20.4,29,24.3,80,0,3,4,60,1,C 
27-06-2021,20.4,29,24.6,78,26.3,7.5,4,50,1,C 
28-06-2021,20,26,23.8,85,0,10,4,60,2,NE
29-06-2021,19.4,29.4,24.1,76,0,2.5,5,130,1,C 
30-06-2021,20,29.3,23.8,77,0,9.7,4,140,2,C 
01-07-2021,19,29.1,23.4,76,2.2,8.4,4,190,2,S 
02-07-2021,17.5,28.4,22.4,72,0,9.2,6,70,2,NE
03-07-2021,20.2,28.1,23.5,76,0,9.6,4,180,2,C 
04-07-2021,18.4,28.2,23.5,74,0,7.5,5,120,2,S 
05-07-2021,17.6,27,22.1,71,0,9.8,7,180,2,S 
06-07-2021,18.5,27.1,22.2,70,0,10,3,190,1,C 
07-07-2021,16.8,27.8,22.1,72,0,7.4,3,120,2,C 
08-07-2021,18.5,28,22.6,81,0,6.5,3,150,1,C 
09-07-2021,18.3,29,23.6,83,6.5,3.4,3,60,2,E 
10-07-2021,20.2,28,24.1,85,7.2,5.8,4,40,2,NE
11-07-2021,20.2,29.8,24.8,63,1.1,2.3,10,120,4,NE
12-07-2021,17.7,28.6,22.8,68,0,10,7,70,2,C 
13-07-2021,17.7,28.2,24.2,76,0,9.7,7,160,2,S 
14-07-2021,18,28.2,22.2,71,0,9.5,4,170,3,S 
15-07-2021,18.2,27,23,72,0,7.2,7,200,4,S 
16-07-2021,17,28.5,22.5,72,0,9.2,3,70,2,SE
17-07-2021,18.4,27.6,22.3,77,0,6.6,3,140,2,C 
18-07-2021,18.4,27.3,22.9,78,0,4.2,5,140,2,S 
19-07-2021,18.6,28.8,23,78,0,3.6,7,50,3,NE
20-07-2021,18.4,29.4,24.5,70,0,9.4,6,110,2,C 
21-07-2021,20.3,28.2,24.4,76,0,9.3,5,170,2,C 
22-07-2021,19,28.4,22.9,71,0,9.6,5,320,2,C 
23-07-2021,18.9,28.2,23.1,75,0,6.3,6,250,2,S 
24-07-2021,17.3,29.5,22.7,76,0,6.6,3,160,2,C 
25-07-2021,16.4,28.1,22.4,74,0,10,6,110,3,S 
26-07-2021,15.9,30.6,23.5,38,0,10.3,6,20,3,NE
27-07-2021,14.9,29.2,21.4,60,0,10.3,4,60,2,C 
28-07-2021,16.4,28.5,22,66,0,10.1,4,200,2,S 
29-07-2021,17.9,28.6,23.3,70,0,9.8,5,140,2,S 
30-07-2021,19,28.8,23.5,74,0,9.1,3,50,1,SE
31-07-2021,19.8,28,23.5,82,0,8.6,6,130,3,S 
01-08-2021,21.3,26.4,23,82,0.3,4.6,5,170,3,S 
02-08-2021,19.1,28.4,23.2,80,0,3.6,5,150,2,C 
03-08-2021,21.2,25.1,22.9,89,0,5.9,4,210,2,S 
04-08-2021,20,30.2,24.4,76,0,0,6,80,2,C 
05-08-2021,21.2,28.8,24.1,76,10.5,7.9,7,70,3,C 
06-08-2021,18.8,29.6,23.7,69,0,6.5,6,20,3,NE
07-08-2021,18.5,28.5,23.5,73,0,9,8,70,4,NE
08-08-2021,19.4,30.4,25.1,75,0,8.5,5,140,2,C 
09-08-2021,20.3,29.2,23.7,84,3,9.4,4,70,2,E 
10-08-2021,19.4,28.2,23.5,77,1.2,8.2,3,150,2,S 
11-08-2021,18.9,28.8,22.6,74,0,10,5,150,2,SE
12-08-2021,19.8,27.6,23.8,76,0,9.7,7,150,4,S 
13-08-2021,20.6,29.6,24.1,79,0,6.6,4,180,3,SE
14-08-2021,20.5,29.6,24.6,74,8,7.8,6,70,2,C 
15-08-2021,18.8,30,24.9,71,0,10.3,7,80,3,C 
16-08-2021,20.1,29.2,23.6,78,0,9.8,4,60,2,C 
17-08-2021,18.4,29.1,23.9,70,0,9,7,230,3,S 
18-08-2021,20.5,28.4,23.6,85,0,9,5,120,2,C 
19-08-2021,20,28.5,23.4,72,13.6,4.9,7,170,2,S 
20-08-2021,21,27.4,23.3,82,0,8,4,170,2,S 
21-08-2021,21.4,28.8,24.2,78,0,6.6,6,200,2,S 
22-08-2021,21.8,28.6,24.3,76,0.2,6.3,6,180,3,S 
23-08-2021,18.4,29,22.8,74,0.1,6.4,5,140,2,S 
24-08-2021,16.6,27.2,21.7,74,0,8.2,6,180,3,S 
25-08-2021,17.8,27.8,23,77,0,9.2,6,180,4,S 
26-08-2021,18.8,28.2,22.5,70,0,8.6,5,180,3,S 
27-08-2021,16.2,27.8,21.8,74,0,9.6,7,180,3,S 
28-08-2021,21.4,28.2,24,76,0,7.7,6,200,2,S 
29-08-2021,19.6,28.2,23.4,80,0,5.1,6,160,3,S 
30-08-2021,20.4,29.6,24.4,78,0,7.5,5,150,3,SE
31-08-2021,21.4,31.2,25.2,70,0,6.3,5,90,2,C 
01-09-2021,20.4,30,24.3,76,0,9.3,6,140,3,S 
02-09-2021,20.2,28.6,23.2,75,0,8.2,6,180,3,S 
03-09-2021,19.8,27.8,23.1,74,0,9,5,140,3,S 
04-09-2021,19.6,27.4,22.9,79,0,8.3,7,150,3,S 
05-09-2021,20.6,28.3,23.8,80,0,6.2,6,130,2,S 
06-09-2021,19.6,29.8,23.9,74,0,4.1,7,70,3,NE
07-09-2021,19.6,29.7,24.9,75,0,8.3,6,150,3,S 
08-09-2021,21.9,29.5,24.9,71,0,6.4,6,160,4,S 
09-09-2021,18.5,28.6,23.6,69,0,9.8,4,140,2,S 
10-09-2021,20,30,23.8,75,0,7.1,4,200,2,S 
11-09-2021,22,28.4,24.3,80,0,6.9,3,160,1,C 
12-09-2021,21.2,28.3,23.8,85,71.5,2.2,6,70,2,E 
13-09-2021,21.3,28.6,24.8,80,0,1.2,6,60,3,C 
14-09-2021,20.7,29.3,23.8,82,0.4,4.7,8,50,3,C 
15-09-2021,20,30,24.6,76,8.6,7.1,8,50,2,C 
16-09-2021,21,30.4,25.1,78,0,7.5,5,180,3,S 
17-09-2021,19.8,31.2,24.6,76,0,8.7,8,150,4,S 
18-09-2021,21,30.2,24.5,78,0,9.2,5,140,3,S 
19-09-2021,20,28.4,24,77,0.2,8.8,5,180,3,S 
20-09-2021,21.3,28.4,23.9,78,0,7.8,4,140,2,C 
21-09-2021,20.9,28.8,23.7,83,0,4.4,4,180,1,C 
22-09-2021,19.8,29.8,24,76,26.3,1.2,6,60,3,NE
23-09-2021,20.2,29.8,24.6,78,0,7.3,5,30,2,C 
24-09-2021,20.4,29.2,24.9,69,0,4.4,6,50,3,NE
25-09-2021,20.2,29.2,23.9,79,0,2.2,5,170,2,S 
26-09-2021,21.1,29.9,24.4,81,0,3.8,5,70,2,S 
27-09-2021,21.3,28.6,23.7,80,0,5.6,5,190,2,S 
28-09-2021,20.7,28,23.3,79,0,1.9,4,190,2,S 
29-09-2021,19,28.6,23.6,82,0,6.3,4,160,2,S 
30-09-2021,20,28.6,24.1,80,0,7,4,130,2,SE
01-10-2021,20.7,29.8,24.8,74,0,6.9,4,180,2,S 
02-10-2021,20,30,24.4,74,0,9.6,4,150,2,S 
03-10-2021,21.2,28,23.8,82,0,8.2,5,180,2,S 
04-10-2021,21.2,26.4,23.4,81,0.6,3.7,3,170,2,S 
05-10-2021,20.3,27.4,22.8,82,0,0.6,5,180,2,S 
06-10-2021,20,25,21.8,87,0.9,4.8,4,160,2,S 
07-10-2021,20,26.6,23.3,76,0.2,0.6,4,170,2,S 
08-10-2021,19,29,24.2,72,0,4.2,3,150,2,S 
09-10-2021,19.8,28.8,24.1,78,0,9.8,7,180,4,S 
10-10-2021,21.4,29.9,24.8,76,0,8.6,6,150,3,S 
11-10-2021,19,28.4,24.1,74,0,6.9,5,240,3,S 
12-10-2021,20.6,31,24.9,71,0,10.2,6,140,3,S 
13-10-2021,21,30.6,24.7,71,0,9,6,190,2,S 
14-10-2021,20.8,31,25.4,73,0,8.7,5,180,2,S 
15-10-2021,19,31.3,24.9,77,0,6.8,6,100,2,C 
16-10-2021,22,31,25.6,76,7.2,6.5,5,160,3,S 
17-10-2021,22.4,30.7,25.7,79,8888,7.8,4,100,1,C 
18-10-2021,20,31.5,26.4,72,3.7,6,6,50,3,NE
19-10-2021,22.1,30.8,24.4,87,1.3,9.1,5,70,1,C 
20-10-2021,21.8,29.6,25.8,75,27.7,6.3,5,180,2,S 
21-10-2021,20.7,30.6,25.4,78,0,7.2,5,80,2,C 
22-10-2021,20.6,30.6,26,76,13.5,7,5,170,2,S 
23-10-2021,20.7,31.2,25.3,76,0,9.8,4,180,2,S 
24-10-2021,20.4,30,24.6,82,10.8,9.1,5,160,2,S 
25-10-2021,22,30,24.9,82,7.4,9.3,4,120,2,S 
26-10-2021,21.2,28.8,24.3,83,25.3,8.1,4,110,2,S 
27-10-2021,21.2,29,24.5,83,8.4,5.5,5,40,2,C 
28-10-2021,20.4,29.6,23.5,86,0,3.8,4,200,2,C 
29-10-2021,20.3,30.4,25.3,82,10.7,5.4,4,170,1,C 
30-10-2021,22.1,28.2,24.2,86,8.4,7.1,4,170,2,S 
31-10-2021,20.2,29.4,24.7,83,6.7,1.2,5,70,1,C 
01-11-2021,21.8,29.3,23.7,86,8.1,4.5,4,50,1,C 
02-11-2021,20.6,29.4,23.3,86,1.7,1.2,4,110,1,C 
03-11-2021,20.4,29.4,25.1,78,49.1,5.1,5,70,2,C 
04-11-2021,20.8,29.8,25.2,83,0,6,8,160,2,C 
05-11-2021,20.6,29.2,25,80,6.6,6.6,8,60,3,NE
06-11-2021,20.6,30.3,26.1,73,1,2.9,6,70,3,NE
07-11-2021,21,30.5,26.4,74,0,7.4,6,80,2,C 
08-11-2021,21,29.8,25.4,79,0,8.1,6,60,2,C 
09-11-2021,21.8,31.4,25.8,78,0,2.9,5,90,1,C 
10-11-2021,21.3,29,24.5,84,11,6.5,4,170,2,C 
11-11-2021,21.4,28.1,23.7,85,21.6,6.5,3,200,1,S 
12-11-2021,21.3,26.4,23.5,86,10.3,4.1,2,140,0,C 
13-11-2021,21,28.9,24.2,86,2.8,0,4,120,1,C 
14-11-2021,21.2,28,23,92,13.6,3,4,60,1,C 
15-11-2021,20.8,27.4,23.5,88,20.5,1.2,3,340,1,C 
16-11-2021,21.3,28.4,22.9,90,30.3,0.7,3,50,1,C 
17-11-2021,20.2,28.7,23.9,83,16,2.1,4,60,2,C 
18-11-2021,20.6,29.4,24.4,83,3.5,3.3,4,60,2,E 
19-11-2021,20,30.1,24.6,77,3,6.7,4,80,2,SE
20-11-2021,21.6,26.2,22.8,94,2.4,9.2,2,120,1,C 
21-11-2021,20.7,28.2,24.3,84,1.6,0,3,70,1,C 
22-11-2021,21.4,29,25.3,81,5,2.8,5,60,1,C 
23-11-2021,21.2,29,25.3,80,6.6,5.8,2,80,1,C 
24-11-2021,21,30,24.1,89,40.9,4.7,4,330,1,C 
25-11-2021,20.2,29.2,24.6,82,36.4,5.8,6,140,1,C 
26-11-2021,21.4,26.7,24.2,85,49.6,8.1,3,170,1,C 
27-11-2021,21.2,29.3,23.7,88,4.2,0.8,4,30,1,C 
28-11-2021,21.6,25.3,22.6,90,8.5,3.3,3,150,1,C 
29-11-2021,18.8,28.4,23.1,86,3,0,3,120,1,C 
30-11-2021,19.8,27.8,22.9,87,9.8,3.8,3,130,1,C 
01-12-2021,20.5,28,24.2,88,6.2,2.1,3,140,0,C 
02-12-2021,20.6,28.6,25,83,4,2.3,5,140,3,SE
03-12-2021,21.9,27,24.1,87,0,7.2,3,130,1,C 
04-12-2021,22.2,27.3,24.3,88,0.9,0.4,3,120,1,C 
05-12-2021,20.8,28.4,24.1,86,22.6,0.1,4,100,1,C 
06-12-2021,21.4,28.8,22.5,92,1.5,0.3,3,170,1,C 
07-12-2021,20.9,29.4,24.5,83,10.5,1.3,3,70,2,E 
08-12-2021,21.4,30.4,24.7,81,8.9,5,5,110,1,C 
09-12-2021,21.4,29.5,25.4,84,55.4,4.3,5,170,2,S 
10-12-2021,21.4,29.8,25.8,78,0,6.8,5,90,2,S 
11-12-2021,21.6,29.2,24.7,82,5.5,7,6,100,3,S 
12-12-2021,20.9,29.8,24.9,82,0,7.3,5,160,2,SE
13-12-2021,22.2,29.6,25.6,78,8888,8.9,4,140,2,SE
14-12-2021,20.6,30.4,25.2,80,0,8.1,4,160,2,SE
15-12-2021,21.7,28.2,23.2,92,0,6.8,3,80,1,C 
16-12-2021,20.3,29.8,25.4,81,5.3,0.4,5,80,2,C 
17-12-2021,20.6,30.4,25.3,82,2.5,7.2,4,70,1,C 
18-12-2021,21.6,29.8,25.9,82,0,6.7,4,160,1,C 
19-12-2021,21.4,30.3,26.1,83,37,7.2,5,70,2,E 
20-12-2021,21.8,28.4,23.9,91,7,5.8,5,140,1,C 
21-12-2021,21,28.6,24.4,82,22.6,4.3,6,60,2,NE
22-12-2021,20.8,29.4,24.5,85,0.5,1.4,4,50,2,C 
23-12-2021,21.5,29.8,24.1,85,8888,4.8,4,160,1,C 
24-12-2021,20.8,30.6,23.4,83,13,3.2,5,120,1,C 
25-12-2021,20.4,28.5,24.4,83,7,5.8,3,280,1,C 
26-12-2021,20.8,29.4,25.1,80,0,0.9,5,160,2,C 
27-12-2021,20.4,29.4,24,82,8888,6.2,8,140,3,SE
28-12-2021,20,29.6,25.3,75,0,4.8,7,150,3,SE
29-12-2021,20.1,28.9,24,,2.5,8.8,6,150,2,C 
30-12-2021,20.8,28,24.3,86,1.7,2.2,3,60,2,C 
31-12-2021,21.2,28.5,23.9,86,8888,0.9,5,120,1,C 
01-01-2022,20.4,29,24.3,82,25.1,3.4,3,120,1,C 
02-01-2022,20.4,28.6,24.1,82,6.4,3,3,150,2,SE
03-01-2022,20.7,29.4,24.4,80,2.9,4.1,4,150,2,SE
04-01-2022,20.2,28.6,24.1,81,8888,7.3,5,180,2,C 
05-01-2022,19.6,28.8,24.3,78,0.8,4.1,5,150,2,S 
06-01-2022,19.2,29.3,23.9,76,0,7.4,3,130,1,C 
07-01-2022,21,30.2,24.7,77,8888,4.1,6,140,2,SE
08-01-2022,20.1,28.4,23.3,82,0.2,4,3,60,1,C 
09-01-2022,20,29.8,23.2,83,2.7,2.5,4,200,1,C 
10-01-2022,19.8,28.8,23.8,84,26.6,6.3,4,70,1,C 
11-01-2022,21,28.1,23.6,90,22.6,4.4,3,260,1,C 
12-01-2022,20.3,29.7,25.5,78,17.9,3.9,5,290,2,C 
13-01-2022,22,29.6,24.8,83,0,3.2,3,90,2,SE
14-01-2022,20.5,29.2,24.3,81,0.6,2,2,120,1,C 
15-01-2022,20.7,30.2,24.1,82,2.1,5.2,5,340,1,C 
16-01-2022,20.4,29.1,24.4,81,4,3.6,3,70,1,C 
17-01-2022,19.8,30.4,24,79,1.9,0.3,3,260,1,C 
18-01-2022,20.6,27.6,22.9,89,21.4,3.8,3,140,1,C 
19-01-2022,20.7,28.2,24.5,81,31.3,1.1,4,110,1,C 
20-01-2022,21.3,27.4,22.6,94,8.7,4.7,4,120,2,C 
21-01-2022,20.2,28,23.6,86,26.3,1.7,5,160,2,SE
22-01-2022,21.4,27.6,24,84,0.3,2.5,4,150,1,C 
23-01-2022,21.1,29.2,24.3,84,2.7,0.1,4,140,2,SE
24-01-2022,20.5,30.2,25,76,0,6.2,4,130,2,SE
25-01-2022,19.5,31.4,25,73,0,8.8,4,300,2,C 
26-01-2022,19.6,31,25.7,77,0,9,3,100,2,SE
27-01-2022,21.6,30.6,25,80,2.8,3.5,4,140,1,C 
28-01-2022,21.2,28.9,24,86,1.8,4.6,6,150,1,C 
29-01-2022,21.2,30,24.5,81,0,2.8,4,80,2,C 
30-01-2022,21.4,29,24.6,82,1.5,1.8,5,140,2,E 
31-01-2022,20.7,30.2,23.7,84,5.5,3.4,4,110,1,C 
01-02-2022,20.7,28.4,22.4,92,12.5,4.3,3,150,1,C 
02-02-2022,19.4,29.4,23.9,83,47.4,3.1,4,50,2,C 
03-02-2022,20.4,30.4,24.2,83,1.2,7.4,4,80,2,C 
04-02-2022,21.3,29,24,86,36.4,4,4,180,2,S 
05-02-2022,21.6,27.6,23.5,90,0,2.5,3,120,1,C 
06-02-2022,20.6,28.6,24,85,3.6,0.9,5,50,2,C 
07-02-2022,21.9,27.8,24.2,76,55,4,3,50,2,N 
08-02-2022,22.1,30.1,26,66,2.3,5,4,270,2,W 
09-02-2022,21.4,28.6,23.7,85,5.6,5.5,3,160,1,C 
10-02-2022,20.4,27.8,23.6,86,42,4.5,2,150,1,C 
11-02-2022,21,27.4,23.5,86,1.2,0.5,3,140,1,C 
12-02-2022,20.6,28.4,24.1,81,32.6,0,4,70,1,C 
13-02-2022,20.4,28.4,23.8,86,4.8,1,3,50,1,C 
14-02-2022,21,27,23.6,89,0.4,3,4,160,1,C 
15-02-2022,21.1,28.4,24.3,85,3.7,0.5,4,30,1,C 
16-02-2022,21.4,29.3,25.3,81,41.2,2.7,8,60,3,E 
17-02-2022,20.2,28.1,23.5,83,0,9.1,6,40,2,NE
18-02-2022,20.3,29,23.8,80,2.2,5.7,6,20,3,C 
19-02-2022,20.7,29.2,24.8,78,6.2,5.8,4,170,1,C 
20-02-2022,21.2,28.3,24.8,77,0,7.5,3,140,1,C 
21-02-2022,21.7,28.9,24.8,84,8888,3.3,5,120,2,SE
22-02-2022,21.2,28.9,24.3,81,3.2,2.2,8,170,4,S 
23-02-2022,18.9,29.4,24.5,77,0,9,8,150,3,SE
24-02-2022,20.1,29.8,24,81,0,9.2,5,340,2,SE
25-02-2022,19.3,29,22.2,90,1.3,5.9,4,170,1,C 
26-02-2022,19.8,28.7,22.6,89,37,4.6,3,40,1,C 
27-02-2022,21,28.6,24.2,83,12.3,4.5,5,90,1,C 
28-02-2022,21.6,27,23.4,88,0.4,4.6,4,50,2,NE
01-03-2022,20.6,27,24.2,83,1.5,2.9,4,60,2,NE
02-03-2022,20.7,29.7,25,77,0.4,1,5,70,2,NE
03-03-2022,21,30.2,25.7,74,5.3,6.8,5,110,2,E 
04-03-2022,22.2,29,24.5,84,8.5,7.9,4,190,2,SE
05-03-2022,21.3,29.6,24.7,80,9.9,3.8,6,160,2,S 
06-03-2022,20.4,28.8,24.1,82,0,7.5,5,180,2,C 
07-03-2022,21,28.9,24.1,85,0,2.3,4,300,1,C 
08-03-2022,20.7,29,24.1,84,47,5,5,150,2,NW
09-03-2022,21.7,29.8,24.4,83,16.4,6,4,160,1,C 
10-03-2022,20.8,28.8,23.9,84,62.8,3,3,130,1,C 
11-03-2022,20.3,28.6,24.8,82,1.8,0.5,5,60,3,NE
12-03-2022,21.4,27.4,23.9,86,8888,7.5,4,320,2,C 
13-03-2022,20.4,29.4,24.6,81,5,0.3,4,90,1,C 
14-03-2022,20.2,29.6,24.3,85,12.8,4,3,100,1,C 
15-03-2022,,29.4,24.8,85,89.4,5.5,15,140,3,C 
16-03-2022,20.4,29,24.6,84,3.2,3.8,5,60,2,C 
17-03-2022,20.8,30.8,26.5,72,1,4.7,4,60,2,NE
18-03-2022,20.8,30.3,24.3,84,0,10,6,90,2,C 
19-03-2022,20.4,29.2,23.8,85,46.6,4.2,4,190,2,C 
20-03-2022,21.2,28.4,23.5,91,3.5,4.5,5,150,1,C 
21-03-2022,20.6,28.4,23.3,86,1.5,2.3,4,40,1,C 
22-03-2022,20,28.6,23.4,83,9.5,3.1,5,80,2,C 
23-03-2022,20.1,29.4,24.1,80,1,3.1,4,70,2,E 
24-03-2022,20.6,30.8,25.1,83,5.5,5.5,4,30,2,NE
25-03-2022,21.3,29.4,24.4,85,8888,9,4,60,1,C 
26-03-2022,21.4,29.4,24.3,82,0,1.5,3,140,0,C 
27-03-2022,22.4,27.8,23.2,88,3,1.6,3,120,1,C 
28-03-2022,20,29.6,23.8,82,4.7,0.7,5,80,2,C 
29-03-2022,20.4,29.2,23.8,84,5,7.5,5,130,1,C 
30-03-2022,20.9,30,24.8,79,3.4,4.7,4,80,1,C 
31-03-2022,21.9,29.6,23,92,0,6.1,3,80,1,C 
01-04-2022,19,29.2,22.1,85,21,4.1,2,100,0,C 
02-04-2022,20.6,30,25.1,78,18.3,4.7,2,90,1,C 
03-04-2022,19.4,30.6,24.3,76,6.2,4.1,5,70,1,C 
04-04-2022,20.4,29,23.7,84,7.5,7.5,3,150,1,C 
05-04-2022,19,29.8,24.3,78,95.7,6.3,4,50,2,C 
06-04-2022,19.4,28.6,23.9,79,3.5,8,4,190,1,C 
07-04-2022,20,28.6,25.1,77,0.5,5.1,4,170,2,S 
08-04-2022,21.8,29,24.3,84,0,5.6,5,160,1,C 
09-04-2022,20.4,29.6,24.7,79,26,6,3,120,1,C 
10-04-2022,21.2,30.6,24.5,77,18.2,6.5,3,120,1,C 
11-04-2022,19.8,30,25,72,0.1,6.2,3,120,2,C 
12-04-2022,18.2,29.8,24.1,70,0,7.7,3,110,1,S 
13-04-2022,18.9,29.4,24.1,73,1,7,3,100,1,C 
14-04-2022,19.3,30,24.8,67,0,7.2,5,70,2,C 
15-04-2022,20,30.3,25.5,69,0,9.8,4,70,2,E 
16-04-2022,20.3,30.4,23,87,,9.8,5,80,1,C 
17-04-2022,19.7,30.4,25.1,74,42.5,5.5,4,20,2,C 
18-04-2022,21.4,30.1,24.7,80,0,9,3,40,1,C 
19-04-2022,21.2,28.8,23.5,88,2.8,4.5,4,130,1,C 
20-04-2022,20.3,27.4,23.7,83,45,4,3,160,1,C 
21-04-2022,20.2,28,23.5,85,5.6,0.9,4,30,1,C 
22-04-2022,20,29.6,24.5,77,45.5,4.9,6,50,3,NE
23-04-2022,20.4,29.8,24.9,79,0,6.9,3,50,1,C 
24-04-2022,21,29.7,24.6,89,1.6,7.1,3,30,1,C 
25-04-2022,22,29.8,25.4,81,5.6,5.8,3,130,1,C 
26-04-2022,20.3,28.8,24.7,79,0,9.2,5,20,2,NE
27-04-2022,20.8,29,24.3,79,0,6,4,20,2,NE
28-04-2022,21.8,29.8,25.1,80,1.5,5.3,5,60,2,C 
29-04-2022,20.1,28.8,24.2,80,2.5,6,4,60,2,NE
30-04-2022,20.2,29,24.6,77,4,5.5,5,70,3,NE
01-05-2022,20.8,30,25.5,74,1,4.8,5,50,3,NE
02-05-2022,20.1,30.2,25,70,0,8.8,6,50,2,NE
03-05-2022,20,30.4,24.5,78,0,10.7,3,60,1,C 
04-05-2022,19.8,29.9,25,74,9.6,7.8,5,60,2,C 
05-05-2022,20.5,29.8,25.2,74,0,7.7,5,90,2,C 
06-05-2022,21,29,25.2,79,0,5.4,4,50,1,C 
07-05-2022,20.8,29.9,24.1,85,0.5,5.7,2,120,1,C 
08-05-2022,21,29.4,24.3,82,8888,5.6,3,150,1,C 
09-05-2022,21,29.4,25.4,80,0,5.1,5,70,2,C 
10-05-2022,21.4,30.4,25.4,82,0,7.5,5,70,2,E 
11-05-2022,21.1,30.4,25.6,76,8888,5.4,5,40,2,NE
12-05-2022,21.6,30.3,25.1,82,0,8.3,2,90,1,C 
13-05-2022,21.4,29.7,25.4,83,4.8,4.6,3,140,1,SE
14-05-2022,21.4,30.6,25.4,81,0.1,6.4,3,150,1,C 
15-05-2022,21.2,29.8,25.7,76,10.3,6.2,3,200,2,S 
16-05-2022,20.6,29.9,25,74,0,9,2,150,1,SE
17-05-2022,20.4,29.6,24.7,76,0,9.9,4,80,1,C 
18-05-2022,21,29.6,24.6,78,0.2,7.1,5,60,2,C 
19-05-2022,20.6,29.6,24.6,80,0,6.7,6,40,2,C 
20-05-2022,21.8,28.2,23.6,92,12.9,6.6,4,90,1,C 
21-05-2022,21.4,28.8,25.1,77,18.4,2.2,7,60,2,NE
22-05-2022,20.3,28.8,24.5,72,0,8.3,5,50,3,NE
23-05-2022,20.4,28.6,24.5,68,0,7.9,5,50,3,NE
24-05-2022,19.6,29.2,25.7,74,0,9.8,6,20,3,NE
25-05-2022,22,29.4,25.5,78,0,10,4,60,2,NE
26-05-2022,21.8,25.8,23.1,84,8888,7.9,4,310,1,C 
27-05-2022,21.5,27.4,23.5,81,1.2,0,2,80,1,C 
28-05-2022,20.4,29.1,25,73,15.6,0.5,3,30,1,NE
29-05-2022,21.4,28,24.4,80,0,7.3,5,60,2,N 
30-05-2022,21,28.8,25.2,75,0,5.8,5,20,3,NE
31-05-2022,20.2,29.4,25.5,77,0,9.2,4,50,2,NE
01-06-2022,21.2,26.1,23.6,90,4.8,9,4,180,1,C 
02-06-2022,19.2,29.2,23.3,78,8888,0.8,4,160,1,S 
03-06-2022,19.5,28,23.7,79,5.5,6.5,3,150,1,C 
04-06-2022,20,29.4,24.4,81,8888,6.6,5,80,2,E 
05-06-2022,20.8,28.3,22.8,87,0,8.8,3,160,1,C 
06-06-2022,19.6,28.4,23.1,87,73.1,5.3,3,130,1,C 
07-06-2022,19.8,29.4,24,80,0.6,2.6,4,50,2,C 
08-06-2022,20,28.6,23.9,78,0.5,9.2,6,30,2,C 
09-06-2022,20.7,28.5,24.1,74,0,8.6,6,70,2,C 
10-06-2022,20,29.2,23.9,80,0,4.5,5,90,2,C 
11-06-2022,20.2,29,24.4,82,92.5,6.8,6,80,2,C 
12-06-2022,20.8,28.3,24,82,1.7,7,4,160,2,SE
13-06-2022,20.3,28.6,23.7,82,4.4,6.7,5,120,1,C 
14-06-2022,20.2,28.8,24.3,79,0.8,3.7,4,50,2,C 
15-06-2022,20.2,29,24.5,77,0,7.4,8,70,3,NE
16-06-2022,21.2,28.6,23.3,90,2.2,9.7,4,90,1,C 
17-06-2022,20,28.4,23.1,85,6.9,2.8,3,180,1,C 
18-06-2022,19.4,28.6,23.7,80,58.4,3.6,3,160,1,C 
19-06-2022,19.8,28.8,23.4,84,8888,7.7,5,70,2,E 
20-06-2022,19.1,27.8,23.2,84,20,8.3,4,130,2,C 
21-06-2022,19.1,28.6,23.5,78,0,6.3,3,70,1,C 
22-06-2022,18.7,29.2,24,72,0,7,3,170,2,S 
23-06-2022,19,29.2,23.5,79,0,8,4,170,2,SW
24-06-2022,19.6,27.4,23.4,80,9.5,6.6,5,160,2,S 
25-06-2022,19.2,28.4,23.4,79,3.9,7.2,4,190,1,C 
26-06-2022,19.8,27.8,22.4,92,0,6.3,3,170,1,C 
27-06-2022,20.8,25.6,22.8,85,23.4,2.8,6,180,2,SW
28-06-2022,20.2,27,23.2,76,0,1.8,4,210,3,S 
29-06-2022,18.8,28.6,23,63,0,6.7,3,250,1,W 
30-06-2022,20.1,28.2,24.4,71,0,9,4,190,2,S 
01-07-2022,19.4,28.2,23,80,0,9.9,5,70,2,S 
02-07-2022,19.6,28.3,23.8,78,0,6.8,3,170,1,C 
03-07-2022,20.8,29.2,25,77,17.4,3.8,6,30,3,NE
04-07-2022,20.4,29,24.3,77,0,8.2,7,60,3,NE
05-07-2022,20.2,29.8,25.2,76,0,9.6,4,190,1,C 
06-07-2022,20.6,27.2,24,79,,6.1,4,200,2,S 
07-07-2022,18.4,28.1,23.2,72,0,5.2,4,190,2,S 
08-07-2022,18.3,26.2,22.3,70,0,9.7,4,190,2,S 
09-07-2022,16.4,28,22.5,71,0,9,3,190,2,S 
10-07-2022,17.5,28.8,22.7,75,0,7.3,3,140,1,C 
11-07-2022,19.3,27.6,23.8,77,0,8.2,4,200,1,C 
12-07-2022,19.2,28.8,23.5,82,0,2.6,4,160,2,C 
13-07-2022,19.4,29.2,24.2,77,1.9,6.2,5,60,2,C 
14-07-2022,19.4,29,23.9,80,1,8.3,6,110,2,E 
15-07-2022,21.4,28,24,82,0,7.6,4,160,2,S 
16-07-2022,20.3,27.4,23.3,84,0,4.7,5,160,2,S 
17-07-2022,18.6,27.2,23.9,77,0,5.2,3,220,1,C 
18-07-2022,21.2,28.4,23.8,78,0,5.4,3,210,1,C 
19-07-2022,20.8,29.2,24.2,74,0,6.3,3,180,2,S 
20-07-2022,17,29.4,22.8,70,0,7,6,90,2,E 
21-07-2022,19.2,28,23.3,78,0,10,6,170,2,S 
22-07-2022,21.2,27.1,23.2,82,0,6.9,4,170,2,S 
23-07-2022,18.9,27.8,23,82,0,5.1,5,180,2,S 
24-07-2022,20,26.4,22.6,69,0,5.6,5,180,3,S 
25-07-2022,14.6,26.5,20.1,70,0,7.8,4,260,2,C 
26-07-2022,16,29.2,21.9,66,0,8.7,6,100,2,C 
27-07-2022,17.1,30.4,24,77,0,10.1,6,80,2,S 
28-07-2022,18.4,29.6,23.6,75,0,8.9,5,60,3,S 
29-07-2022,17.6,28.8,22.9,73,,9.7,5,80,2,E 
30-07-2022,17.9,28.8,22.5,69,0,7.4,5,70,2,SE
31-07-2022,17.7,28.8,22.8,67,0,9.3,4,90,2,NE
01-08-2022,17,28.8,23,65,0,8,7,50,2,C 
02-08-2022,18,28,24,84,0,8.6,3,90,1,C 
03-08-2022,19.5,30.2,24.3,76,0,0.3,5,80,2,E 
04-08-2022,19,27.9,23.4,68,0.8,8.7,7,160,3,S 
05-08-2022,18.2,29,23.3,60,0,8.8,3,200,2,C 
06-08-2022,18,28.6,23.9,62,0,9.6,3,180,2,SE
07-08-2022,20.1,24.5,22.5,90,1.5,9.8,4,180,2,S 
08-08-2022,20.6,26.8,23.2,82,5.1,1.5,4,200,2,S 
09-08-2022,18.2,28.3,22.8,78,0,3.8,4,170,2,S 
10-08-2022,20,29,23.9,81,0,7.5,4,80,2,S 
11-08-2022,21,29.8,24.8,80,0,5.5,7,50,3,S 
12-08-2022,21.9,29.2,24.9,76,,6,7,70,4,E 
13-08-2022,20.6,30.4,24.2,78,0,7.6,5,70,2,C 
14-08-2022,19.2,28.8,24.6,81,15.1,6.5,5,50,2,C 
15-08-2022,19.9,29.8,24.3,77,0.4,7.7,6,80,2,E 
16-08-2022,20.6,29.8,24,79,8888,7.7,4,160,2,S 
17-08-2022,19.9,28.4,23.6,76,18.8,7.2,5,220,2,S 
18-08-2022,19.4,28,23.4,80,0,8.6,3,200,2,S 
19-08-2022,19.4,27.8,22.7,81,0,8.8,5,200,3,S 
20-08-2022,18.8,29,23.2,76,8888,7.6,4,210,2,S 
21-08-2022,19.6,28.8,23.6,73,0,8.8,4,190,2,C 
22-08-2022,18.7,28.9,23.6,78,0,6.8,5,200,3,S 
23-08-2022,17.9,28.2,22.4,75,0,9,4,160,2,S 
24-08-2022,16.5,29.2,22.4,74,0,8.4,3,120,2,S 
25-08-2022,17.6,28.5,23,77,0,9.2,5,190,2,S 
26-08-2022,18.7,28,22.7,80,,7.2,5,190,2,S 
27-08-2022,18.8,27.2,22.9,80,0,4.6,4,190,3,S 
28-08-2022,17.7,26.5,22.7,70,0,2.7,5,180,2,S 
29-08-2022,17.4,28.6,23.4,78,0,5.9,5,180,2,S 
30-08-2022,20.7,28,23.6,86,1.8,8.3,6,190,2,SW
31-08-2022,19.6,29.8,24.3,76,0.1,4.9,5,80,2,C 
01-09-2022,19.2,30.2,24.2,77,0,6.4,4,80,2,S 
02-09-2022,20,31.3,25.2,69,0,8.4,5,70,2,E 
03-09-2022,20.3,29,24.3,72,0,9.6,5,200,3,S 
04-09-2022,19.8,29,23.7,78,0,9,3,170,2,S 
05-09-2022,19.4,29.3,23.8,78,16.4,5.7,5,90,2,C 
06-09-2022,19,29.4,23.6,81,0,2.6,4,140,1,C 
07-09-2022,19,28.8,24.1,83,0,5.2,4,200,2,S 
08-09-2022,19.3,30,23.5,81,11.4,2.9,5,110,2,C 
09-09-2022,19.4,29.6,23.7,81,0,7.9,3,180,1,C 
10-09-2022,19.4,29.4,23.4,82,22,3.9,5,220,2,C 
11-09-2022,21.1,26.4,23.3,90,19.3,4.6,5,190,2,S 
12-09-2022,18.4,29.2,24.5,68,1,3.8,8,60,4,NE
13-09-2022,19.6,29.8,24.4,78,,10.2,4,220,2,S 
14-09-2022,20.2,29.5,24.4,77,0.3,7.8,5,180,2,S 
15-09-2022,20.4,25.8,23.5,85,28.8,6,5,200,3,S 
16-09-2022,20,30.6,24.5,74,0,3.1,4,90,1,C 
17-09-2022,18.1,30.7,24.1,72,0,7.9,5,190,2,E 
18-09-2022,19.7,30.5,23.8,78,0,10.3,5,50,2,S 
19-09-2022,20.8,28.4,24.6,76,0,8.6,5,150,2,S 
20-09-2022,20.1,26.8,22.8,87,5,8.7,4,200,2,S 
21-09-2022,20.4,28,23.5,85,0,,3,200,2,S 
22-09-2022,20.4,28,23.8,86,2.1,5,4,200,2,S 
23-09-2022,20.4,31.4,25,76,2.6,5.6,5,200,2,C 
24-09-2022,21.5,29.2,24.8,80,0,9,4,150,2,S 
25-09-2022,20.2,28.4,24,83,17.6,8.3,5,160,3,S 
26-09-2022,22,27.8,24.2,76,0,7.4,5,220,3,S 
27-09-2022,21.2,28.1,24.1,76,0,7,4,150,3,S 
28-09-2022,20.6,29.8,24.2,76,0,7.2,5,190,3,S 
29-09-2022,19.9,30.4,24.2,76,0,8.2,6,80,2,S 
30-09-2022,21.8,29.6,24.6,81,0.2,7.6,4,90,2,C 
01-10-2022,21.1,28,23.9,87,0.5,4,5,30,1,C 
02-10-2022,20.6,27.9,23.2,91,15,2.2,3,200,1,C 
03-10-2022,20.7,27.4,24.3,82,1,3.1,6,180,2,S 
04-10-2022,20.6,29.1,24.4,80,0,3.9,5,200,2,S 
05-10-2022,20.7,28.2,23.7,84,0,7,5,190,1,C 
06-10-2022,21.5,26.9,22.9,92,61.2,4.2,5,170,2,S 
07-10-2022,20.3,28,24.5,83,73.8,2.8,4,200,2,S 
08-10-2022,21.6,29.3,24.4,85,13.6,4.8,3,180,1,C 
09-10-2022,20.8,29.2,24.1,87,2,5.4,3,140,1,C 
10-10-2022,20.3,29.2,23.8,87,88.5,5.8,5,160,2,C 
11-10-2022,21.3,27.4,24.2,84,4.4,5.3,4,200,2,S 
12-10-2022,20,27.4,23.9,82,0.3,1.2,5,190,3,S 
13-10-2022,21.2,27.2,23.5,86,1.1,2.8,5,180,2,S 
14-10-2022,21.5,28.4,24.3,86,0.4,2.5,6,210,3,S 
15-10-2022,21.2,28.4,23.3,88,24,6.2,4,180,2,S 
16-10-2022,21.4,28.3,24.6,82,3.1,4.6,4,170,2,S 
17-10-2022,21.6,25.2,23.7,88,5.4,4.2,4,200,2,S 
18-10-2022,21.5,24.8,22.2,96,17.4,0,3,150,1,C 
19-10-2022,,27.7,23.4,85,3,0,3,60,1,C 
20-10-2022,20.2,29,24.2,86,3,3.2,6,70,2,C 
21-10-2022,20.6,28.3,24,87,20.7,4.2,7,90,2,C 
22-10-2022,19.8,30.4,24.7,83,64.3,3.4,3,70,1,C 
23-10-2022,19.8,30,23.7,86,1.8,5.6,4,170,1,C 
24-10-2022,20.2,27.8,24.3,82,52,6.9,6,200,2,C 
25-10-2022,20.8,28.6,24,85,0,4.5,4,180,2,C 
26-10-2022,21,27.2,22.7,92,12.6,5.8,3,170,1,C 
27-10-2022,19.7,27.3,23.1,87,27,1.5,5,190,2,S 
28-10-2022,19.5,27,22.8,81,8888,2.8,6,190,2,S 
29-10-2022,17.4,27.2,22.8,78,0,6.8,4,180,2,S 
30-10-2022,19.8,27.4,23.8,72,0,6,5,200,3,S 
31-10-2022,17.6,28.5,23.8,74,0,10.8,5,190,2,S 
01-11-2022,19.6,29.6,24.3,78,0,9.8,4,230,1,C 
02-11-2022,21.8,29.2,24.6,87,9.3,6,3,100,1,C 
03-11-2022,20.4,30.8,26,78,23.5,3.1,5,110,2,S 
04-11-2022,20.5,29.9,24.7,84,0,10,3,180,1,C 
05-11-2022,20.4,29.8,24.8,80,12.8,6.7,3,190,1,C 
06-11-2022,21.2,28.5,24.8,84,8.8,7.6,4,170,1,S 
07-11-2022,21.5,29.8,24.6,84,13.8,4.4,7,70,2,C 
08-11-2022,20,29.8,24.3,81,2,5.4,6,70,2,C 
09-11-2022,21.4,27.7,24.1,86,5.8,4.6,5,80,2,C 
10-11-2022,20.4,29.4,24.3,82,2,0.4,5,60,1,C 
11-11-2022,21.7,29.2,23.7,92,14.9,3.4,4,60,1,C 
12-11-2022,20.3,29.2,24.5,83,47.9,3.8,5,70,2,C 
13-11-2022,20.7,29.3,24.3,84,0,6.1,5,60,1,C 
14-11-2022,20.2,29.6,24.2,84,5.1,2.7,6,60,2,C 
15-11-2022,20.2,28.2,24.2,86,46.6,5.8,6,50,2,C 
16-11-2022,20.3,29.4,23.7,88,4.4,0.6,3,80,1,C 
17-11-2022,21,28.8,23.7,86,4,3.5,3,50,1,C 
18-11-2022,20.8,27.6,23.5,88,45.6,2.1,3,200,1,C 
19-11-2022,20.5,27.2,22.7,90,25.5,0.5,4,90,0,C 
20-11-2022,19.8,28.9,24.2,81,4.2,0.2,4,80,2,C 
21-11-2022,20,29.8,24.2,84,4,2.9,5,70,1,C 
22-11-2022,21,28.4,23.9,88,17.8,5.8,4,140,2,C 
23-11-2022,20.1,27.4,23.3,87,2.6,3.9,4,110,1,C 
24-11-2022,20.5,26.6,23,87,49.6,0.9,3,160,1,C 
25-11-2022,20.2,28.4,23.3,86,21.7,0,6,100,2,C 
26-11-2022,19.6,27.4,23.6,82,3.7,4.3,2,180,1,C 
27-11-2022,19.6,29,23.1,88,38.5,2.5,5,60,1,C 
28-11-2022,19.8,28.8,23,86,30.9,3.9,4,180,1,C 
29-11-2022,21,27.6,22.9,92,17.9,4.2,3,240,1,C 
30-11-2022,21.2,27,23.8,86,10.8,1.9,4,180,1,C 
01-12-2022,21.2,29.2,24.3,80,0,1.8,5,180,3,S 
02-12-2022,19,28.7,23.2,81,0,2.1,4,200,1,C 
03-12-2022,20.2,29.3,24.2,82,24.9,6,3,170,2,S 
04-12-2022,21.4,29.8,25,81,1.6,6.9,5,100,2,C 
05-12-2022,20.8,29.3,24.1,83,1.1,3.3,8,80,3,C 
06-12-2022,20.3,29.9,25.4,75,0.6,7.5,6,90,2,C 
07-12-2022,21,30,26,74,0.7,7.3,7,70,3,E 
08-12-2022,20.4,30.8,25.7,66,0,9.7,7,80,2,E 
09-12-2022,20.3,30,26.2,66,0,9,5,200,3,S 
10-12-2022,19.3,30.2,25.3,71,0,11.3,5,190,3,S 
11-12-2022,21.8,31.1,25.5,74,0,10.6,4,140,2,S 
12-12-2022,20.4,30.2,25.4,76,0,7,5,190,1,C 
13-12-2022,20.4,30.6,25.3,78,15.2,7.3,5,90,2,C 
14-12-2022,20.5,30.2,25.1,79,4.1,6.5,5,100,2,C 
15-12-2022,20,29.2,22.9,89,5,6.5,4,360,1,C 
16-12-2022,21.4,25.4,22.8,90,73.8,4.9,4,180,1,C 
17-12-2022,20.9,29,24.9,80,1.7,0,5,190,2,S 
18-12-2022,19.4,29.6,25.4,74,0.6,2.8,5,190,2,S 
19-12-2022,19.5,30.5,25.2,72,0,11.1,5,160,2,S 
20-12-2022,20,29.2,25.5,70,0,8.1,5,220,2,S 
21-12-2022,20.5,29.8,25.5,75,1.2,4.9,6,150,3,S 
22-12-2022,21.3,26.6,23.3,89,0,9,4,160,1,C 
23-12-2022,21,29.4,23.7,83,3.6,0.2,8,280,3,NW
24-12-2022,19.8,27.8,23,88,30.4,0.4,3,200,2,S 
25-12-2022,20.4,25.4,22.3,94,10,0.1,3,90,1,C 
26-12-2022,20.7,26.6,22.9,90,7.8,0.2,3,90,1,C 
27-12-2022,20.4,27.6,23.1,89,4.3,0,4,90,1,C 
28-12-2022,20.4,28.5,23.9,86,2.6,0,4,100,2,C 
29-12-2022,20.4,27.6,24.4,80,37.1,5.3,3,260,1,W 
30-12-2022,21.6,27.4,24.7,75,18.3,2.2,5,270,3,W 
31-12-2022,22.8,27.1,25.1,69,0,0.6,7,320,4,N 
01-01-2023,22.4,27.2,25.1,69,0.1,2.7,6,300,4,NW
02-01-2023,21.8,30.8,24.7,78,1.6,2.1,7,180,2,C 
03-01-2023,20.3,30,24.6,78,4.4,2.7,5,320,2,SE
04-01-2023,20.2,30.9,25.4,74,6.2,5.1,4,250,2,S 
05-01-2023,21.2,30,25.2,76,0,7.7,6,180,2,S 
06-01-2023,21.1,27.4,24.5,82,24.4,7.5,6,200,3,SE
07-01-2023,20.3,28.7,24.2,82,8.6,2.9,7,170,3,S 
08-01-2023,18.5,28.6,24.4,78,2.3,8.4,5,190,2,S 
09-01-2023,19.2,29.8,24.8,71,0,8.5,5,170,2,S 
10-01-2023,19.9,30.2,25.5,72,0,7.2,5,180,3,S 
11-01-2023,20.7,29.7,24.8,75,0,11,7,190,3,S 
12-01-2023,19.8,30.2,25,69,0,9.7,7,180,3,S 
13-01-2023,18.2,30.6,24.1,74,0,10.3,5,180,2,S 
14-01-2023,19.5,29,24.2,81,0,9.7,4,180,2,S 
15-01-2023,21.7,28.4,24.4,83,1.5,5.5,3,200,1,C 
16-01-2023,22,29.6,23,90,1,1.9,3,70,1,C 
17-01-2023,21,27.8,24.3,85,11.1,4.6,3,130,1,C 
18-01-2023,20.2,29.8,24.6,82,20.7,2.4,4,160,2,S 
19-01-2023,20,28.2,23.5,79,0,6.6,3,80,1,C 
20-01-2023,20.2,28,23.3,85,2,4.9,3,80,2,C 
21-01-2023,20.4,28.8,24.3,80,4.8,3.2,4,160,1,C 
22-01-2023,20.3,30.4,24.9,78,5.1,4.8,5,140,2,S 
23-01-2023,19.8,30.2,24.8,76,0,8,4,110,2,E 
24-01-2023,20.8,29.4,25.2,80,28.3,8.4,5,180,2,S 
25-01-2023,21,29.3,24.1,81,0,3.5,5,180,2,C 
26-01-2023,20.9,24.8,22.5,94,53,5.6,4,160,2,C 
27-01-2023,20.8,27,23.3,89,18.2,0,5,170,1,C 
28-01-2023,20,27.6,23,92,46.5,0,4,70,1,C 
29-01-2023,20.4,28.6,23.6,86,23.4,0.6,3,120,1,C 
30-01-2023,21,27.7,24.1,88,15.3,1.7,3,180,1,C 
31-01-2023,21.4,28.1,24.5,82,0,1,3,230,1,C 
01-02-2023,20.8,28,23.6,88,2.7,0,4,150,1,C 
02-02-2023,21.1,28.2,24.4,83,8.2,2.2,4,80,2,C 
03-02-2023,21.7,27.8,25.1,72,4.1,0.8,6,290,2,W 
04-02-2023,21.4,28.2,24.4,77,0,0.2,4,160,1,C 
05-02-2023,21.2,27,23.5,81,6.1,1.3,3,90,0,C 
06-02-2023,20.3,28.2,23.2,87,5,0,3,240,1,C 
07-02-2023,20.2,28.1,23.6,84,15.7,1.3,4,100,1,C 
08-02-2023,20.5,30.4,24.3,84,16,2.5,4,270,2,C 
09-02-2023,20.9,28.1,23.2,87,9.5,3.5,3,70,1,C 
10-02-2023,20,28.8,23.7,86,9,2.2,5,110,1,C 
11-02-2023,21.4,28.7,23.9,83,2.5,4.4,7,290,3,NW
12-02-2023,20.6,28.6,23.2,86,7,2.2,4,70,1,C 
13-02-2023,20.6,28,23.6,86,11.2,3.4,3,120,2,SE
14-02-2023,20.4,29.4,24.4,87,13,1.2,8,360,2,C 
15-02-2023,21.3,26.8,22.4,94,2.1,5.6,4,90,2,SE
16-02-2023,20.7,28.2,23.3,90,20,0.3,3,120,1,C 
17-02-2023,20.4,27.2,23.6,86,1.3,1.8,4,180,1,C 
18-02-2023,21.4,29.3,24.3,84,0.8,0.5,5,120,3,SE
19-02-2023,20.3,29.6,24,84,0,6.8,7,190,2,S 
20-02-2023,20,29,23.8,84,1.3,7.2,5,160,2,S 
21-02-2023,20.6,30.3,24.2,86,0,5.4,4,100,1,C 
22-02-2023,20.6,29.4,23.8,84,14.9,7.9,3,180,1,C 
23-02-2023,21,27.8,24.1,84,14.9,3.2,6,320,3,NW
24-02-2023,22.2,30.2,24.7,81,5.2,3.9,5,200,2,C 
25-02-2023,20.6,30,24.1,82,2.3,2.5,9,300,3,C 
26-02-2023,20.8,28,22.9,83,17,5.6,5,300,3,NW
27-02-2023,21.4,28.4,24.3,76,19,1.9,6,200,4,W 
28-02-2023,21.3,28.4,24,82,1.2,1.2,5,320,2,C 
01-03-2023,19.4,28.4,23.2,87,44.8,2.2,7,170,2,C 
02-03-2023,20,27.2,22.5,91,14.6,4.1,3,180,2,C 
03-03-2023,20.3,30.5,24.6,81,21,2.9,4,60,2,SE
04-03-2023,20.2,28.1,23.9,78,0,,5,150,2,C 
05-03-2023,19.8,29.4,23,86,1.3,5.2,3,130,1,C 
06-03-2023,20.3,28.8,24.3,84,3.5,3.7,7,160,3,S 
07-03-2023,17.6,30.4,23.6,69,0,9.6,4,190,2,S 
08-03-2023,19.3,29.6,23.7,76,0,10,4,190,1,C 
09-03-2023,19.2,31,24.5,74,8.1,6.4,6,130,1,C 
10-03-2023,18.2,30,23.9,78,31.5,8.1,4,220,2,C 
11-03-2023,20,30.8,25.1,76,0.7,7.6,6,90,2,S 
12-03-2023,18.4,30.6,24.4,70,2.7,8.6,4,210,2,C 
13-03-2023,18.4,29.8,23.2,74,0,10.3,6,50,2,C 
14-03-2023,18.2,28.6,23.6,82,0.1,6.1,4,240,1,C 
15-03-2023,20.2,29.4,24.4,72,22.7,3.7,6,90,3,E 
16-03-2023,20,29.8,24.3,79,0,8.3,7,70,2,C 
17-03-2023,20.6,29.8,25.1,76,0,6.7,4,80,1,C 
18-03-2023,19.9,30,24.6,81,16.5,4.5,5,80,2,C 
19-03-2023,20.7,29.8,25.3,78,0,7.2,6,70,2,E 
20-03-2023,21,29.6,24.8,79,0,7.8,5,160,2,C 
21-03-2023,20.4,30,24.9,80,7.3,4.6,7,90,3,E 
22-03-2023,21.6,29.8,25.5,78,1,9,6,70,2,C 
23-03-2023,21.4,29.8,24.2,86,3.7,4.8,4,70,1,C 
24-03-2023,20.4,30.1,23.3,88,3,2.2,3,90,1,C 
25-03-2023,20,29.6,24.3,82,33.6,4.7,5,70,2,C 
26-03-2023,19.8,28.2,23.8,84,10.2,6.5,8,90,2,C 
27-03-2023,20.2,28.4,23.5,88,0.4,3.8,3,80,1,C 
28-03-2023,20.4,28.2,23.5,84,13.1,3.6,4,130,1,C 
29-03-2023,20.2,29.1,23.9,86,34.9,2.3,3,120,1,C 
30-03-2023,19.8,28.6,24.3,78,2.1,5.7,3,210,1,C 
31-03-2023,19.8,28.6,24.2,80,0,4.9,4,190,1,C 
01-04-2023,19.6,27.2,22.9,86,5.6,2.8,4,190,1,C 
02-04-2023,20,28.3,22.8,89,3.3,0.6,4,60,1,C 
03-04-2023,20.6,29.4,23.3,86,3.6,1.5,5,220,1,C 
04-04-2023,20.4,28.4,23.1,91,2.1,3.1,4,350,1,C 
05-04-2023,20.3,29,23.6,86,12.8,3.6,6,80,1,C 
06-04-2023,19.6,28.1,22.7,91,38.8,5.2,4,140,1,C 
07-04-2023,19.8,29,24.3,82,1.1,2.5,4,170,1,C 
08-04-2023,20.4,29.6,23.3,80,0,4.1,5,180,1,C 
09-04-2023,19.3,29.4,24.2,78,1.2,7.7,4,190,2,S 
10-04-2023,20.4,28.3,23.6,87,0,,5,190,2,C 
11-04-2023,19.8,28.8,23.9,84,2,4.4,5,180,2,S 
12-04-2023,20.3,28.6,24.2,86,0,6.1,4,180,1,C 
13-04-2023,21.2,24.8,22.5,90,4.6,2.6,2,140,1,C 
14-04-2023,19.6,27.5,23.6,81,1.5,0,4,160,2,S 
15-04-2023,19.7,28.1,23.6,81,0,6.4,4,180,2,S 
16-04-2023,20,31,24.6,80,0,6.2,5,90,2,C 
17-04-2023,21,29.6,24.4,82,0,7.5,4,80,1,C 
18-04-2023,20.2,29.2,23.9,83,4.5,4.8,4,160,1,C 
19-04-2023,19.4,30.4,25.4,74,0.8,5.2,3,70,2,S 
20-04-2023,21.3,30,25.5,74,0,,5,200,2,S 
21-04-2023,21.1,29.4,24.8,81,0,9,4,90,1,C 
22-04-2023,21.4,28.6,24.2,87,0.9,0,3,160,1,C 
23-04-2023,20,29.9,25.2,78,2.8,4.5,6,50,2,C 
24-04-2023,21,30.4,25.2,79,0.2,8,6,100,3,E 
25-04-2023,20.4,29.8,25.1,74,0,9.6,8,90,3,E 
26-04-2023,20.6,30.2,25.4,79,0,,4,150,1,C 
27-04-2023,20.6,30.6,25.4,79,8.8,5.3,5,60,3,E 
28-04-2023,21.3,30,24.4,84,0,8.9,5,100,2,C 
29-04-2023,21.4,28,23.2,89,9.6,5.4,7,50,2,C 
30-04-2023,20,29.4,24.1,82,10.9,2.1,6,80,2,E 
01-05-2023,20.2,28.8,24.7,81,0,6,5,50,2,C 
02-05-2023,20.4,29,24.5,83,0.2,6.5,6,60,3,NE
03-05-2023,21.4,30.2,25.2,78,0,6.8,7,60,2,C 
04-05-2023,22,29.6,25.5,80,0,0,6,30,3,E 
05-05-2023,20.7,31,25.2,78,29.5,7.1,4,90,2,E 
06-05-2023,21.3,30,25.7,81,0,8.2,4,160,1,C 
07-05-2023,21.8,29.2,24.8,86,49.6,5.7,3,170,1,C 
08-05-2023,19.6,30,24.7,70,2.7,5,5,100,2,E 
09-05-2023,21.1,28.2,25.3,82,0,9,5,50,2,C 
10-05-2023,20.7,28.4,24.3,85,5.6,1.2,5,70,2,E 
11-05-2023,20.9,28.2,24,86,4.1,1,6,60,2,C 
12-05-2023,21.6,29.7,25.7,83,1.8,2.2,4,160,2,C 
13-05-2023,21.2,27.2,23.9,78,12.6,6.6,5,180,2,S 
14-05-2023,18.3,26.8,24.3,68,0,4.7,5,200,2,S 
15-05-2023,19.2,27.9,23.6,71,0,7,4,200,2,C 
16-05-2023,18.1,27.8,22.6,75,0,7.8,5,230,2,S 
17-05-2023,18,28.6,23.3,65,0,,4,200,2,C 
18-05-2023,17.8,29,23.1,70,0,9.8,3,190,1,C 
19-05-2023,18.6,29.3,23.5,71,0,8.2,4,180,1,C 
20-05-2023,18.4,30,23.9,74,0,6.6,3,230,2,C 
21-05-2023,17.7,30.1,23.8,69,0,8.4,5,170,2,S 
22-05-2023,18.7,29.7,23.6,70,0,8.7,3,240,1,C 
23-05-2023,18.5,29.3,24,72,0,9,5,90,2,E 
23-05-2021,24.2,31.8,27.8,76,0,8.8,4,60,2,C 
24-05-2021,24,32,27.5,80,0,10,4,150,1,SE
25-05-2021,24.8,31.2,28,80,0,6.8,5,120,2,SE
26-05-2021,25.8,31,27.8,84,0,,5,150,2,SE
27-05-2021,24.6,30.8,27.5,86,0,9.2,6,120,1,C 
28-05-2021,25.8,30.2,27.6,84,0,9.7,4,130,1,C 
29-05-2021,25,30.4,27.8,80,0,5.4,4,160,1,S 
30-05-2021,25.2,31,27.8,78,0,7.8,4,100,2,C 
31-05-2021,24.8,30,27.1,77,0,7.7,3,170,2,C 
01-06-2021,22.8,31.3,26.9,75,0,9.1,4,130,2,S 
02-06-2021,23.2,30.8,26.5,79,0,7.6,3,110,1,C 
03-06-2021,23.6,31.2,26.9,80,,10,4,70,1,C 
04-06-2021,24.2,32,27.9,84,0,8,4,100,2,C 
05-06-2021,24,30.5,27.2,79,0,9.3,5,150,2,W 
06-06-2021,24.5,31.3,28,78,0,9.9,4,90,2,S 
07-06-2021,24,31,27.9,73,0,10,4,130,2,S 
08-06-2021,23.8,32,27.3,76,0,10,4,280,1,C 
09-06-2021,23.2,29.5,25.8,90,118,9.8,3,180,1,C 
10-06-2021,23,30,27.3,79,1,5.5,6,160,2,S 
11-06-2021,23.4,30.2,26.7,79,0,10,4,140,1,C 
12-06-2021,24.5,30.1,27.2,78,0,9.4,4,160,2,W 
13-06-2021,23,30.2,26.7,78,0,10,3,170,1,C 
14-06-2021,24.8,31,27.4,80,0,8,3,180,2,S 
15-06-2021,25,30.2,26.8,85,0,2.5,6,40,2,C 
16-06-2021,23.8,30.5,25.8,90,10.6,7.5,5,130,2,SE
17-06-2021,22.9,29.5,27.2,80,9,3.5,4,200,2,C 
18-06-2021,24,29.8,27.3,80,1,9.5,4,130,1,C 
19-06-2021,24.2,29.8,27.2,79,0,6.4,3,140,2,W 
20-06-2021,23.9,32,27.6,77,,8,4,20,1,C 
21-06-2021,25.5,31.5,27.9,78,0.2,7.8,4,160,1,C 
22-06-2021,22.5,30,25.7,86,45.6,9.5,4,120,1,W 
23-06-2021,24,30.5,26.8,84,10.8,8,3,150,1,C 
24-06-2021,24.4,30,27.3,82,0,8.2,5,110,2,E 
25-06-2021,23.4,27.5,25.1,94,22,6.5,4,170,1,C 
26-06-2021,24,30.4,27.1,86,13,0,5,160,2,S 
27-06-2021,24.5,30.2,27.4,82,0.4,8,3,140,1,C 
28-06-2021,25,30.5,27.3,77,8888,9.1,6,10,2,W 
29-06-2021,23,30.3,26.9,80,15.5,3.4,4,160,1,C 
30-06-2021,24.6,30.2,26.8,79,0,10.3,4,120,2,SE
01-07-2021,24.8,29.5,26.7,81,0,8.5,5,240,1,C 
02-07-2021,24,29.1,26.5,78,,9.4,4,170,1,C 
03-07-2021,24.8,29.5,27.1,79,0,9.3,5,200,2,SW
04-07-2021,24.2,30,26.5,78,0,7,4,150,1,C 
05-07-2021,23.8,28.6,25.7,74,0,10,6,170,3,W 
06-07-2021,21.8,29.1,25.7,69,0,10,4,160,2,W 
07-07-2021,22,29.1,25.8,76,0,10,5,120,2,C 
08-07-2021,24,30,27.1,75,0,8,4,140,2,W 
09-07-2021,22.4,30.2,26.1,87,50.5,4,3,140,1,NW
10-07-2021,24,30.9,27.7,80,6.5,2,6,20,2,C 
11-07-2021,23.6,29.5,26.9,85,4.2,9.2,4,300,1,C 
12-07-2021,23.8,29.6,26.9,79,0,9.7,4,140,1,C 
13-07-2021,23.3,31.2,26.5,77,,10,4,120,2,SE
14-07-2021,23.8,29.6,26.2,74,0,9.4,4,230,2,SW
15-07-2021,24,29,26.1,75,8888,9.5,7,170,2,SW
16-07-2021,24.7,29.2,26.6,74,8888,6.6,4,190,2,S 
17-07-2021,24.2,28.5,26.4,80,0,8.3,4,190,1,C 
18-07-2021,24,29,26.4,77,0,7.8,6,160,2,S 
19-07-2021,23.8,28.9,25.8,80,0,8.6,5,140,2,SE
20-07-2021,23,30.3,26.2,77,0,8.3,5,120,1,C 
21-07-2021,23.6,29.5,26.8,80,0,7.6,4,170,2,C 
22-07-2021,24.4,28.8,26.5,81,0,7.1,4,130,2,S 
23-07-2021,25,28.8,26.4,81,0,6,6,170,3,S 
24-07-2021,22,29.1,25.7,75,0,9.2,5,160,2,SW
25-07-2021,23.2,29.4,25.8,75,0,10,5,150,2,S 
26-07-2021,20.4,28.8,25,78,0,9.5,4,120,2,W 
27-07-2021,21.4,28.8,25.4,79,0,10.5,5,130,2,SW
28-07-2021,20,29.3,25.9,75,0,10,4,180,2,C 
29-07-2021,23.8,28.8,26.5,79,0,8,5,150,1,C 
30-07-2021,24.6,29,26.7,83,8888,8.9,5,160,2,S 
31-07-2021,24.6,29,26.4,83,,7.2,7,140,2,S 
01-08-2021,20.4,28.8,26.6,81,0,9.8,7,160,3,S 
02-08-2021,22.8,26,23.6,96,10.8,8.5,3,220,1,C 
03-08-2021,22.8,28,25.3,90,22.8,,4,200,1,C 
04-08-2021,23.4,28.9,26.6,86,9,2,4,160,2,S 
05-08-2021,23.4,29.2,26.8,83,0,4.5,4,140,2,SE
06-08-2021,24,30.8,27.5,80,,10,4,130,2,C 
07-08-2021,23,31,27.4,78,0,10,6,40,2,C 
08-08-2021,24.2,31.4,27,84,0,8,3,170,2,S 
09-08-2021,24.8,30.3,27,80,0,8.2,4,150,2,SE
10-08-2021,25,29,26.4,81,0,7.5,4,140,2,S 
11-08-2021,23.6,29.4,26.8,76,8888,9.2,5,150,2,C 
12-08-2021,,27.5,25.4,,8888,10.4,3,220,2,SW
13-08-2021,24,28.9,27,82,7,0.5,5,160,2,S 
14-08-2021,24,29.3,26.3,87,6.3,6.5,4,130,2,C 
15-08-2021,23.4,29.5,26.7,82,,9.5,4,180,1,S 
16-08-2021,23.4,29.4,27,79,8888,8.1,5,210,2,S 
17-08-2021,24.3,30.5,26.7,80,0,10,4,130,2,S 
18-08-2021,24.4,30.4,27,80,3,7.8,6,170,3,S 
19-08-2021,23.2,29.2,26.7,74,5.2,4.5,4,160,1,C 
20-08-2021,24.2,30.3,26.4,82,0.2,,5,160,2,S 
21-08-2021,24.6,29.8,27.4,78,8888,7,3,160,1,SW
22-08-2021,24,29.5,26.6,81,1.2,10.5,8,130,2,SW
23-08-2021,23.3,29.5,26.5,76,0,8.5,5,140,2,C 
24-08-2021,23.6,30.3,26.4,76,0,8.6,5,160,2,SW
25-08-2021,24,29,26.5,75,0,10.4,5,150,2,SW
26-08-2021,22.4,29.4,26.2,71,0,9.5,5,160,2,SW
27-08-2021,24,29.2,26.7,74,,10.5,6,210,2,SW
28-08-2021,24,29,26.7,78,0,10,5,150,2,SW
29-08-2021,24.8,29.5,27.1,81,8888,8,7,160,3,S 
30-08-2021,25,29.8,26.4,80,8888,9,5,190,2,SW
31-08-2021,24.8,29.4,26.6,78,,7,6,130,2,SW
01-09-2021,24.2,29.8,27,74,0,9.6,4,160,2,SW
02-09-2021,24.2,28.9,26.6,74,,10,6,130,2,S 
03-09-2021,,29.1,26.5,77,8888,9.3,5,150,2,SW
04-09-2021,24.2,30,26.1,82,0,7.4,4,170,2,SW
05-09-2021,23.8,29.6,26.6,77,3.2,4.6,4,200,2,C 
06-09-2021,24.4,30,26.8,78,8888,6.3,5,110,3,S 
07-09-2021,24.6,30.6,27.4,81,1.1,8,5,190,2,S 
08-09-2021,25.8,29.7,27.2,79,8888,6.8,6,220,2,SW
09-09-2021,23.6,29.5,27,74,0,8.2,5,190,2,S 
10-09-2021,22.2,29.6,27,82,0,9.7,6,160,3,SW
11-09-2021,25,29.8,26.2,87,0.9,6.2,6,160,2,S 
12-09-2021,22.7,28.4,25.2,91,84.3,4,3,100,1,SW
13-09-2021,23.2,28.8,25.9,91,32.5,1.4,5,30,2,C 
14-09-2021,23.8,30.8,26.8,84,0,3.5,5,120,2,SE
15-09-2021,23.8,30.2,27.2,80,0,8.3,5,160,2,SW
16-09-2021,25,29.8,26.9,82,0.3,9,5,180,2,SW
17-09-2021,25.8,29,27.3,83,0,7.4,6,170,2,S 
18-09-2021,25.2,29.6,27.2,82,8888,6.5,6,180,2,SW
19-09-2021,24.6,29.6,27.3,76,,6.2,6,150,3,SW
20-09-2021,24.6,30,26.6,76,,7,5,170,2,W 
21-09-2021,23.5,30,26.9,81,11.5,5.5,3,230,1,C 
22-09-2021,24.8,31.4,27.4,80,0,1.6,8,40,2,S 
23-09-2021,24.6,31.2,27,82,1,9.3,6,130,2,S 
24-09-2021,25,31.2,27.5,81,2.9,3.5,5,50,1,C 
25-09-2021,23,28.5,26.9,82,7.1,6.5,4,140,2,W 
26-09-2021,22.6,29.8,26.2,84,10,2.7,5,170,2,SW
27-09-2021,24.4,30.6,26.3,80,0,6.5,5,170,2,SE
28-09-2021,24.4,29.6,26.6,74,0,9.5,4,140,2,SW
29-09-2021,23.8,29.5,27.3,76,0,7.5,6,180,2,S 
30-09-2021,25,29.5,27.4,77,0,9.2,3,140,2,SW
01-10-2021,25,30,27.3,78,0,8.6,5,210,3,SW
02-10-2021,22,30.4,27.2,75,,8.5,4,160,2,SW
03-10-2021,24.5,29.7,26,84,,9,4,150,1,C 
04-10-2021,23,28.5,25.7,82,45.5,7.6,7,210,2,W 
05-10-2021,23.2,27.6,24.6,88,1.2,3.8,5,280,2,C 
06-10-2021,23,27.2,24.7,85,4.8,1.2,5,210,1,C 
07-10-2021,22.9,28.9,26.4,75,1.2,1.4,4,220,2,S 
08-10-2021,22.8,30,26.9,76,,6.6,6,170,3,SW
09-10-2021,,29.5,27.3,77,,10.5,5,150,2,SW
10-10-2021,24.6,30,27.4,77,0,10,4,160,2,S 
11-10-2021,22.5,30,27.4,76,0,9.2,4,220,2,SW
12-10-2021,23,30.3,27.3,74,0,9.7,5,130,2,C 
13-10-2021,22,29.6,27,70,0,10.5,5,170,2,SW
14-10-2021,24.2,30.4,27.3,72,0,10,6,190,2,W 
15-10-2021,24.6,31.3,27.7,76,0,8,5,110,2,SW
16-10-2021,25.8,31.4,28.4,77,0,7.9,5,120,2,SW
17-10-2021,25.4,30.2,28.1,80,5,9.5,4,160,2,C 
18-10-2021,20.6,32.4,28.7,77,,8.5,7,30,2,C 
19-10-2021,25,31.7,28.2,81,0,8,4,180,2,SW
20-10-2021,24.8,31.6,29.2,75,11.2,10,5,240,3,SW
21-10-2021,26,32.3,29.1,74,,10,4,160,2,S 
22-10-2021,25.8,31,28.4,78,0,8.4,6,210,2,SE
23-10-2021,25.1,30.8,28.2,78,8888,8,6,140,2,C 
24-10-2021,24,31.7,28.2,76,0,9.3,6,140,3,SW
25-10-2021,24.6,31,28.2,73,0,10.3,4,160,2,SW
26-10-2021,25.2,31.3,28.4,74,0,10,6,170,2,C 
27-10-2021,25.4,31.3,28.4,77,0,8.8,5,160,1,C 
28-10-2021,24.3,31.3,27.4,79,0,6,5,190,2,SW
29-10-2021,25.6,31.7,28.2,81,1.3,10.7,6,150,2,SE
30-10-2021,24.2,30.8,26.5,89,28.7,9.3,5,150,2,W 
31-10-2021,24.4,31.6,28,79,0,3.8,5,150,2,C 
01-11-2021,24.4,29.6,26,91,4,7.9,3,170,1,C 
02-11-2021,23.4,30.9,27.4,81,8.7,0.2,4,150,2,C 
03-11-2021,23.5,30.8,27.5,84,4.3,6.5,3,170,1,C 
04-11-2021,24,31.4,27.1,84,0,5.8,5,130,2,C 
05-11-2021,24,31.8,27.5,84,6.5,5.3,6,60,2,C 
06-11-2021,24.4,31.8,29.3,74,3.3,8.5,7,60,2,W 
07-11-2021,24.5,32.6,29.6,72,0,10.6,5,80,2,C 
08-11-2021,24.8,32.7,29.1,74,0,9.6,4,110,2,SE
09-11-2021,24,32.6,28.7,74,,6,5,160,1,C 
10-11-2021,25.4,31.3,27.5,80,8888,6.6,5,140,1,C 
11-11-2021,25,29,25.6,91,24.1,7,5,220,2,SW
12-11-2021,24.3,30,26.7,85,25.4,0.8,5,220,2,C 
13-11-2021,24.2,29.8,27.9,80,0.8,0,4,130,1,C 
14-11-2021,25,30.8,27.4,80,8888,2.3,4,150,1,C 
15-11-2021,23.8,30.7,27.1,81,2.5,2,7,80,1,C 
16-11-2021,23.6,30,27,82,18.5,1.5,5,80,2,W 
17-11-2021,24.8,30.6,27.1,83,1.8,0.5,6,50,1,C 
18-11-2021,23.8,31,27.1,78,8888,2.5,4,140,2,SE
19-11-2021,23.8,31.5,28.3,80,0,7.1,5,130,2,SE
20-11-2021,23.8,31.2,25.7,89,35.4,8.5,3,210,1,C 
21-11-2021,22.8,31.6,26.5,84,11.9,0,4,30,1,C 
22-11-2021,25,31.3,28.1,78,0,1,7,50,2,NE
23-11-2021,24.3,32.2,28.2,80,0.5,6.7,5,40,1,C 
24-11-2021,24.2,32.7,27.9,81,0.5,6.5,5,110,2,W 
25-11-2021,23.6,31.3,28,80,5.7,8.1,5,120,2,C 
26-11-2021,24,30.3,27.9,79,0.5,6.5,4,200,2,C 
27-11-2021,25.2,32.4,28.2,78,0,2.5,5,170,1,C 
28-11-2021,24.2,30.2,25.7,87,2,4.8,7,160,2,C 
29-11-2021,23,29.8,25,91,9.5,2.4,5,220,1,C 
30-11-2021,22.7,29.2,25.3,89,13,0,5,140,2,C 
01-12-2021,22.8,29,25.8,90,0,1.6,3,90,1,C 
02-12-2021,24,31,26.7,87,6.3,0,4,110,1,C 
03-12-2021,24.8,31.7,27.3,86,19.5,5,4,80,2,NE
04-12-2021,24,31.3,27.7,82,0,2.6,6,40,2,C 
05-12-2021,23.8,32.3,27.6,83,5.2,8.8,5,90,2,C 
06-12-2021,23.4,32,27.6,78,14.6,8.5,8,220,2,S 
07-12-2021,24.5,32,28.2,80,0.2,1.2,4,60,1,C 
08-12-2021,23.8,32.3,28.2,83,74.3,3.2,4,120,1,C 
09-12-2021,24.6,33,29.1,73,6.2,8.3,5,210,2,C 
10-12-2021,24.2,32.4,28.8,75,0,10.3,8,140,2,S 
11-12-2021,24.7,32.8,28,74,0,9.3,3,210,1,C 
12-12-2021,24.5,33,28.8,74,0.2,6.5,6,140,2,C 
13-12-2021,24.4,31.9,28.8,75,0,8.5,5,160,2,C 
14-12-2021,24.4,32.8,27.4,82,0,8.8,8,150,2,S 
15-12-2021,23.6,,27.4,82,57.3,7.6,6,30,3,NE
16-12-2021,23.7,32.4,28.7,79,12,6.8,4,60,1,C 
17-12-2021,24.8,33,29.1,76,0,7.8,4,60,1,C 
18-12-2021,25.2,33.6,29.8,75,8888,10,4,170,1,C 
19-12-2021,24.3,31.3,28.8,78,2,11,3,110,1,C 
20-12-2021,23.8,32,27.3,87,19.2,5.3,5,100,2,C 
21-12-2021,23.8,31.7,27.2,82,4.3,5.8,15,40,4,C 
22-12-2021,25,31.5,28.3,77,,5,4,10,1,C 
23-12-2021,24.2,32.5,29.2,72,0.2,1,4,120,2,C 
24-12-2021,24.8,32.3,28.4,75,3.8,5.9,4,140,1,C 
25-12-2021,25.3,32.4,28.8,74,0,4.8,5,160,1,C 
26-12-2021,24.2,34.2,29.3,72,0,6.3,8,210,3,SW
27-12-2021,25.6,34.2,30.5,65,0,10.1,10,220,4,S 
28-12-2021,24.9,33.3,28.7,70,0,9.5,6,40,2,SW
29-12-2021,24.2,31.1,26.5,78,,4.8,8,160,2,C 
30-12-2021,23.9,30.3,25.1,88,1,4.2,4,50,1,C 
31-12-2021,23.3,30.6,25.8,88,45,3,4,40,1,C 
01-01-2022,23,30.5,26.6,84,36.2,2.2,6,10,2,C 
02-01-2022,23.2,30.3,25.6,88,1,1.5,4,140,1,SW
03-01-2022,24,31.3,27.5,77,2.8,1.8,3,210,2,SW
04-01-2022,24,30.6,27.4,76,,1.3,4,260,2,SW
05-01-2022,23.8,29.5,26.5,73,0,1,5,200,1,C 
06-01-2022,23.6,31.4,26.6,73,7.6,1.7,4,90,1,C 
07-01-2022,23.8,31.2,26,82,0.8,2.6,5,150,1,W 
08-01-2022,22.3,30.7,26.8,75,4.5,4.7,3,80,1,C 
09-01-2022,23.7,32.3,26.2,82,8888,5.8,6,340,2,C 
10-01-2022,22.6,30.4,26.4,89,88.1,5.2,5,60,2,C 
11-01-2022,23.6,30.7,25.9,87,2.5,5.5,6,120,1,C 
12-01-2022,23,31.2,26.8,80,5,4.7,5,120,1,C 
13-01-2022,24.2,32.3,26.6,81,0.2,3.5,4,90,1,C 
14-01-2022,22.7,31.7,28.3,74,10.6,6.1,3,60,1,C 
15-01-2022,24.6,31.3,26.6,85,0,6.2,8,50,2,NW
16-01-2022,22.7,31.5,27.3,78,28.4,0.3,6,60,2,C 
17-01-2022,22.6,32.8,27.5,78,0,4.3,5,80,1,C 
18-01-2022,24,29.6,25.3,88,9.4,3.7,10,10,1,C 
19-01-2022,22.7,32.4,24.3,93,41.6,0.6,6,310,1,C 
20-01-2022,23.4,30.4,26.3,84,36.1,3,4,170,1,C 
21-01-2022,23.2,31.2,27.4,75,0.8,1.3,4,120,2,C 
22-01-2022,24.5,31.3,27.7,78,0,3.6,7,120,2,C 
23-01-2022,24.4,34,28.5,73,0.7,6.6,7,90,2,C 
24-01-2022,24.2,33,28.7,74,0,9.5,5,30,2,C 
25-01-2022,24.8,34,28.9,70,0,11,6,60,2,NE
26-01-2022,26,33.2,27.6,79,0.1,10,8,160,2,C 
27-01-2022,23.2,31.8,27.4,82,35.8,6,4,100,1,C 
28-01-2022,24,31,26.5,85,0,3,4,100,1,C 
29-01-2022,22.8,31.8,27.7,78,22.2,0.7,4,140,1,C 
30-01-2022,25,31.2,,,0,5.2,6,100,2,C 
31-01-2022,24.2,31.6,27.3,80,0.8,5.2,4,70,1,C 
01-02-2022,24,31.3,27.2,78,,7.6,7,20,2,C 
02-02-2022,24.2,31.5,27.9,78,2.2,4.5,7,50,2,C 
03-02-2022,24,32.7,28.2,78,0,7.5,4,40,1,C 
04-02-2022,24.4,33,28.1,76,5,9,4,40,2,NW
05-02-2022,25,31.2,26.3,82,,6.2,5,20,1,C 
06-02-2022,23.6,31.4,27.1,81,10.2,2.9,6,30,1,C 
07-02-2022,24.6,33.9,28.4,76,0.2,3.8,5,30,2,C 
08-02-2022,25,32.2,28.8,77,8888,7.5,6,20,2,C 
09-02-2022,24.7,31.8,28.1,78,5,8,4,120,1,C 
10-02-2022,24,31,26.7,85,10.3,7,6,20,2,NW
11-02-2022,24.2,29.5,26.5,82,6.6,1.5,3,100,1,C 
12-02-2022,24.2,30.2,27.2,83,0,0,7,50,3,NE
13-02-2022,25,32.8,27.5,79,,5,5,120,2,NW
14-02-2022,21.2,29.3,25.4,87,,3.6,3,80,1,C 
15-02-2022,24.4,31.5,,,15.6,0.2,6,160,2,C 
16-02-2022,24,31.8,28.2,76,1.2,6.5,6,350,3,N 
17-02-2022,24,30.2,28.1,76,2.8,10,10,20,3,C 
18-02-2022,,31.3,28.1,77,0.4,6.8,10,30,4,NE
19-02-2022,24.8,32.6,28.4,71,0,9,4,20,1,C 
20-02-2022,24.8,31.7,27.5,76,0,9.2,4,180,1,C 
21-02-2022,25,31,26,82,8888,5.2,4,40,2,C 
22-02-2022,22.8,33.3,27.6,74,6.6,0,5,210,1,C 
23-02-2022,23,29.3,26.3,80,0,6,8,130,1,C 
24-02-2022,22.8,30.8,25.6,82,3.4,3.6,4,80,2,W 
25-02-2022,23,31.4,26.6,82,1.8,4.4,8,60,2,NW
26-02-2022,23.6,31,26.8,82,9.4,7.2,7,10,2,NW
27-02-2022,24.1,31,27.4,80,0,3,6,40,1,C 
28-02-2022,24.8,32.5,28.2,77,1.6,2.1,4,70,1,C 
01-03-2022,24.4,31.2,26.7,86,,5.7,8,50,1,C 
02-03-2022,24.5,31.6,27.8,82,8.2,3.5,6,20,2,C 
03-03-2022,23.8,32.1,27.1,84,1,5.8,5,100,2,C 
04-03-2022,24.6,31.4,,,29.2,8.5,4,190,2,SW
05-03-2022,24,33.1,28,74,0,4.8,6,160,2,S 
06-03-2022,24.1,32,28,78,8888,9,5,190,1,C 
07-03-2022,24.5,32.7,28.3,75,0,5,4,250,1,C 
08-03-2022,22.4,31.3,25.8,91,59.8,7,5,100,1,C 
09-03-2022,23,32,27.2,83,31.8,4.4,3,190,1,C 
10-03-2022,23.2,32,26.4,88,0,5,6,210,2,C 
11-03-2022,24.6,32.8,27.5,84,8.4,5,6,30,2,NE
12-03-2022,25,31,27.8,84,6.2,6.2,10,60,3,C 
13-03-2022,25.7,32,27.9,84,0,4.3,3,200,1,C 
14-03-2022,24.2,32.2,28.2,80,1.3,5.5,3,90,1,C 
15-03-2022,25,32,28.2,83,,7.6,4,70,1,C 
16-03-2022,24.7,32.6,29.2,76,0,6.1,5,110,2,C 
17-03-2022,25.8,31.9,29.7,78,0,7.5,3,250,2,NE
18-03-2022,25.4,31.8,28.5,79,0.4,10,4,200,2,NW
19-03-2022,24.3,31.3,27.4,75,,3.4,5,220,1,C 
20-03-2022,24,31.3,26.5,85,8888,3.5,6,30,2,C 
21-03-2022,23.9,30.1,26.1,88,19,3.5,6,20,3,N 
22-03-2022,22.6,32,26.9,88,18.8,5.3,10,50,3,C 
23-03-2022,23.3,31.4,25.7,88,6.6,7,5,30,2,C 
24-03-2022,23.5,32,28.4,80,9.7,3.5,5,30,2,C 
25-03-2022,22,32.2,26.7,87,68,9,4,40,2,NW
26-03-2022,23.5,32.4,27.4,76,4.8,4.5,6,230,1,C 
27-03-2022,24.2,30.4,26.6,82,0,7.5,4,150,1,NW
28-03-2022,23.8,31.1,26.6,82,8888,4,7,60,2,C 
29-03-2022,24,31.6,27.2,82,0,5,6,40,2,NW
30-03-2022,23.6,32.2,27.3,78,6.4,5,5,40,2,C 
31-03-2022,24.2,32.4,28.4,74,8888,5.3,4,180,2,S 
01-04-2022,22.6,31.6,,,10.6,7.9,4,160,2,S 
02-04-2022,24.7,31.5,27.4,82,0.8,2.5,4,130,1,C 
03-04-2022,24,31.5,28.4,75,0.2,,3,80,1,C 
04-04-2022,24.2,32.2,28.6,73,0.2,7,4,150,2,W 
05-04-2022,24.2,32.3,28.7,70,0.2,8,4,120,1,C 
06-04-2022,24.5,30.8,27.4,76,7.4,10.7,5,200,2,C 
07-04-2022,24.8,32.3,28.3,75,0.2,4.5,4,220,2,SW
08-04-2022,25.6,32,28.8,73,0,9.3,5,250,2,W 
09-04-2022,24.3,32.7,29.4,69,0,7,3,190,1,C 
10-04-2022,24,33,28.5,69,0,8.3,4,210,2,W 
11-04-2022,24.6,32.2,27.9,69,,9.4,4,150,2,W 
12-04-2022,23,32.2,27.8,70,,10.4,5,100,2,W 
13-04-2022,21.4,32.5,27.7,68,,8,3,150,1,C 
14-04-2022,24.2,32.2,28.5,73,0,9,3,150,2,C 
15-04-2022,26,32.7,29.5,74,0,10,4,150,2,W 
16-04-2022,26,32.2,29.1,73,0,9.5,4,170,1,C 
17-04-2022,24.8,32.6,29.1,72,8888,7.5,5,130,2,C 
18-04-2022,25.8,31.6,28.3,79,,9,7,10,3,N 
19-04-2022,25.6,29.8,26.2,89,8888,2.7,4,100,2,NE
20-04-2022,23.8,29.2,25.9,90,6,1.5,3,250,1,C 
21-04-2022,23.6,30.4,27.2,84,0.8,0,5,80,2,NE
22-04-2022,23.6,31.5,28.5,76,15,5,4,160,2,C 
23-04-2022,25.8,31.8,28.4,80,0,10,4,160,1,C 
24-04-2022,25,33,28.7,76,0.4,9,6,340,2,W 
25-04-2022,24.8,31.4,28.6,77,7.6,8,4,120,2,W 
26-04-2022,24.7,31.7,27.7,78,,5,8,30,3,NE
27-04-2022,23.6,31.5,27,82,,8,8,70,4,NE
28-04-2022,23.4,30,25.8,89,12,6.7,7,40,2,N 
29-04-2022,23.5,30.8,28.2,84,8888,3,5,10,2,N 
30-04-2022,23.4,30,26.7,89,11.5,,5,40,2,NE
01-05-2022,24.4,31.8,27.3,87,2.8,2.8,8,350,2,W 
02-05-2022,25.4,31.8,28.6,78,0,2,7,110,1,C 
03-05-2022,24.6,31.2,29,79,,9.3,4,170,2,C 
04-05-2022,26,30.8,29,76,0,8,5,150,2,C 
05-05-2022,26,30.8,28.4,78,0,9.2,4,180,2,C 
06-05-2022,25.2,31.4,29,75,0,5.3,5,160,2,S 
07-05-2022,25.3,31.7,28.9,78,,9.3,4,190,1,C 
08-05-2022,25,,27.5,84,8888,9.1,8,30,4,NE
09-05-2022,25.3,32.2,28.9,78,1.4,6,4,170,2,C 
10-05-2022,25.3,31.4,28.2,84,17.8,7.6,5,110,2,W 
11-05-2022,26,30.6,28.7,79,8888,6,5,140,2,W 
12-05-2022,25,32.6,28.5,81,0,6,4,30,2,NE
13-05-2022,25.4,32.6,28.8,82,8888,8,5,130,2,W 
14-05-2022,25.3,32.4,29.1,75,0,8,4,110,2,W 
15-05-2022,25.1,31.6,28.3,77,0,9.5,5,150,2,SW
16-05-2022,24.3,31.8,28.5,71,0,10.4,4,170,2,W 
17-05-2022,24.4,31.7,28.6,73,,9.5,4,70,1,C 
18-05-2022,25,31,28.2,80,2.4,9.5,6,10,2,NE
19-05-2022,25,32.2,27.5,83,0.2,6,6,10,2,N 
20-05-2022,24.4,30.7,27.7,79,0.2,8.2,4,180,2,C 
21-05-2022,24.3,32.4,27.7,76,0.2,8,7,60,2,C 
22-05-2022,24.2,33,28.3,75,,10,7,30,3,NW
23-05-2022,24,32.2,28.3,74,0,10,6,40,2,C 
24-05-2022,,31.9,28.9,78,0,10,9,30,2,C 
25-05-2022,26,32.2,29,78,8888,7.5,4,130,2,W 
26-05-2022,25.6,28,25.7,89,8888,5.5,5,270,1,W 
27-05-2022,23.8,30.4,27.2,81,14.4,0,3,150,2,C 
28-05-2022,24.4,,28.3,74,8888,2.3,7,20,4,NE
29-05-2022,24,30.2,26.9,86,0.8,9,7,40,3,NE
30-05-2022,25,32,28.3,77,0.6,3.5,8,40,4,NE
31-05-2022,23.7,31.4,27.5,77,0,10,5,20,3,NE
01-06-2022,22.5,28.5,25.1,90,64,8.1,5,200,1,W 
02-06-2022,22,30.7,27.1,76,1.4,0,4,160,2,C 
03-06-2022,24,31,27.2,82,3.4,9.7,3,140,1,C 
04-06-2022,23.8,31,28.1,77,0,6,4,100,2,SE
05-06-2022,24,31,27.7,79,0,8,5,110,2,NW
06-06-2022,24.4,30.8,28,79,8888,9.5,3,150,2,W 
07-06-2022,23.8,31,26.7,81,27.6,9.6,4,80,1,C 
08-06-2022,24,31.4,27.5,79,0.4,7.8,8,30,2,C 
09-06-2022,24.4,31,28,82,0,7.4,3,140,1,C 
10-06-2022,24,33.3,27.9,76,0,8.8,5,30,2,C 
11-06-2022,23.8,32.6,28.4,79,0,6.4,5,30,2,NE
12-06-2022,23.8,,27.2,79,2.2,7.8,4,150,2,SE
13-06-2022,24.4,30.5,27.3,81,,7.1,3,140,1,C 
14-06-2022,23.6,30.5,26.8,88,11.9,2.5,3,160,1,C 
15-06-2022,24,31.9,27.9,78,0,6,8,20,2,C 
16-06-2022,23.2,31.3,26.3,88,17,9.8,6,90,2,C 
17-06-2022,23,30.5,27.6,82,2.4,6,5,140,2,W 
18-06-2022,24.4,30.5,27.5,80,8888,8,4,200,2,SW
19-06-2022,25.9,30.3,28,80,0,8,4,200,2,C 
20-06-2022,23.2,30.1,27.4,81,14.7,7.5,4,170,2,S 
21-06-2022,24.6,30,27.2,74,0,7.5,6,240,3,S 
22-06-2022,23.6,30.4,27.3,75,,9.6,5,220,2,C 
23-06-2022,26,30,27.8,78,0,9.1,4,170,2,S 
24-06-2022,25.7,29.8,27.7,79,8888,8.7,4,150,2,S 
25-06-2022,25,30,27.5,76,0.2,7.2,7,150,2,S 
26-06-2022,24.8,29.8,27.5,80,0,6.6,5,350,2,S 
27-06-2022,24.2,29.2,26.6,82,3.6,4.1,6,220,3,S 
28-06-2022,24.3,29.4,26.9,73,0,3.9,4,220,2,C 
29-06-2022,23.2,30,26.1,74,0,6,5,180,2,SW
30-06-2022,24,29.8,27.4,78,,7.8,6,250,2,S 
01-07-2022,25.6,27.6,,,0,9.6,4,250,2,SW
02-07-2022,24.2,29.8,26.3,86,4.6,0.5,4,120,2,C 
03-07-2022,23.6,31.9,27.8,79,0,4.2,4,40,2,C 
04-07-2022,25.7,31.7,27.9,85,8888,9,6,50,2,NE
05-07-2022,23.8,30,27.1,85,0.2,7.3,6,240,2,SE
06-07-2022,24.8,29,26.6,81,0.2,7.9,6,150,2,C 
07-07-2022,24.3,28.5,25.8,76,0,5,6,150,2,SW
08-07-2022,21.8,28.9,25.3,71,1.6,8.9,5,200,2,SW
09-07-2022,22.4,29,25.9,74,8888,7.3,5,240,2,W 
10-07-2022,24,29.3,26.3,82,,8.4,5,140,2,S 
11-07-2022,23.2,,26.3,85,0,8.5,6,200,3,S 
12-07-2022,,29,26.5,86,,0.5,4,220,3,S 
13-07-2022,24.6,29,26.4,82,8888,6.2,5,210,1,C 
14-07-2022,24.5,28.6,26.4,79,0,6.2,4,160,1,C 
15-07-2022,24.2,28.5,26.3,85,,3,6,160,2,C 
16-07-2022,23.8,28.4,26.1,84,,2.2,4,170,1,C 
17-07-2022,25.1,28.8,26.5,83,8888,2.2,4,170,1,C 
18-07-2022,24.6,28.9,26.6,81,1.4,,7,120,2,SW
19-07-2022,24,28.9,26.4,79,0,8,4,160,1,C 
20-07-2022,22.6,28.6,25.9,78,0,9.2,4,170,2,S 
21-07-2022,24,29,26.1,77,,8.7,6,170,3,SE
22-07-2022,24.6,29.3,26.6,76,,5,6,170,2,S 
23-07-2022,23.1,27.8,25.3,84,7.4,6,6,170,2,C 
24-07-2022,23.2,28,25.4,74,0.3,1.1,7,140,2,SW
25-07-2022,21.6,28.5,25.5,64,0,7.2,4,160,2,S 
26-07-2022,22.9,28.5,26.1,77,,9.2,5,140,2,C 
27-07-2022,24,28.9,26.6,80,0,7.6,5,160,2,S 
28-07-2022,22.3,28.7,25.9,76,0,7.8,5,160,1,C 
29-07-2022,22.6,29,25.9,79,0,6,4,150,2,SE
30-07-2022,23.2,29.2,25.7,80,0,9.3,5,160,2,S 
31-07-2022,23.6,28.9,26,76,0,9,7,170,2,S 
01-08-2022,22,29.9,25.9,80,0,9.5,4,140,2,C 
02-08-2022,23.2,29.9,27.1,85,8888,9,4,170,1,C 
03-08-2022,23.7,30.3,26.1,80,8888,3.3,4,180,2,S 
04-08-2022,23.2,29.4,26.4,76,0.8,9,6,130,3,W 
05-08-2022,22.2,29.8,,,0,9,3,230,2,W 
06-08-2022,21.9,,26.3,72,0,10,5,170,3,S 
07-08-2022,22,,25.2,87,7.5,10.2,5,220,2,S 
08-08-2022,21.2,28.9,,,10.4,4.2,3,180,1,C 
09-08-2022,23.8,,26,78,0,7.8,4,200,2,S 
10-08-2022,24,29.4,26.2,84,1.6,,3,180,1,C 
11-08-2022,24.4,30.2,27.7,76,0,3,4,170,2,S 
12-08-2022,25.4,30.5,27.6,81,,10.2,5,120,2,C 
13-08-2022,24.5,30.9,26.8,80,0,8,6,50,2,C 
14-08-2022,24.5,31,27,76,0,8.2,7,40,2,C 
15-08-2022,23.6,30.2,27.2,80,,4.2,4,130,2,SE
16-08-2022,23.2,30.3,26.5,83,7.6,9.5,5,90,2,C 
17-08-2022,24,,26.2,78,0,7.6,5,150,2,SE
18-08-2022,24.6,28.4,26.6,78,8888,5.7,5,120,2,S 
19-08-2022,24.7,29,26.6,77,0,4,5,160,2,SW
20-08-2022,23.4,28.7,26.4,68,0.4,5.1,4,210,2,C 
21-08-2022,23,30,26.8,70,0,9.2,4,110,2,S 
22-08-2022,24.6,29.4,27,76,8888,10.3,8,260,3,S 
23-08-2022,24.5,29.4,26.9,71,0,6.5,7,190,2,C 
24-08-2022,23.9,29.4,26.1,74,0,9.5,5,160,2,SE
25-08-2022,24.7,30,27.1,74,,10.4,6,160,3,SW
26-08-2022,25.2,31.2,26.7,78,,10.2,9,180,3,S 
27-08-2022,,29,26.1,76,0.2,9.2,6,160,2,S 
28-08-2022,23.7,28.8,25.5,74,0,4,4,170,2,SW
29-08-2022,23.6,29.3,26.5,78,8888,0.5,4,160,2,S 
30-08-2022,24,29.4,25.7,86,3,6.7,5,200,2,C 
31-08-2022,23.4,29.3,26.1,81,9.4,1.6,5,180,2,C 
01-09-2022,24,30,26.8,81,5,5,8,180,2,S 
02-09-2022,24.8,30,27,78,0,8,4,220,2,SW
03-09-2022,24.3,29.8,26.3,78,,9.4,8,170,3,SW
04-09-2022,23.8,29.5,26.8,79,8888,7.8,3,170,2,SW
05-09-2022,24.4,30.1,26.8,78,8888,5.3,3,170,1,C 
06-09-2022,24.7,30,27.2,78,0,7.5,8,130,2,S 
07-09-2022,25.4,30,27.2,76,0,7.3,3,140,1,C 
08-09-2022,24,29.9,27.3,78,3,7,5,170,2,SW
09-09-2022,22.6,31,27.1,78,8.5,8,5,160,2,SW
10-09-2022,24.1,30.6,26.9,77,1.2,8.9,5,160,2,S 
11-09-2022,23.8,28.5,26,88,16.3,4.5,3,200,2,W 
12-09-2022,22.7,29.8,26.3,76,,6.2,6,180,2,S 
13-09-2022,25.1,30.8,27,79,,10.5,7,180,3,S 
14-09-2022,22.4,29.7,27.3,76,0,8,5,140,3,S 
15-09-2022,22.2,26.9,23.7,92,,9.4,4,150,2,SW
16-09-2022,22.2,29.5,26,84,13.2,0,8,150,2,W 
17-09-2022,22,28.8,26.2,75,8888,5.7,6,170,2,C 
18-09-2022,23.2,30,26.5,76,,9.2,7,170,2,S 
19-09-2022,22.8,29.6,27.3,70,0,7.8,5,140,2,SW
20-09-2022,24.2,28.5,26.4,76,0,8.9,5,240,2,SW
21-09-2022,22.6,29.4,26.7,82,14.8,3,4,200,2,S 
22-09-2022,24.4,29.5,26.9,82,0.4,5.4,7,150,3,SW
23-09-2022,24.2,30.7,28.3,77,0.6,6,4,150,2,S 
24-09-2022,24.9,30.4,28.2,78,0,9,6,200,3,SE
25-09-2022,24.9,,27.1,78,0,10.2,5,120,2,SE
26-09-2022,25,30.4,27.4,77,0,9.5,5,140,3,SW
27-09-2022,24,30.3,27.4,74,0,8,5,150,2,SW
28-09-2022,23.8,30.7,27.1,72,0,10.5,7,170,3,SW
29-09-2022,23.4,30.6,28,72,0,9.3,4,140,1,C 
30-09-2022,25.9,30.3,27.6,79,,9.2,5,170,1,C 
01-10-2022,25.2,31,26.2,85,0.3,2,7,170,2,W 
02-10-2022,23,30.6,26.5,86,34.8,3,6,230,2,C 
03-10-2022,23.4,28.9,25.2,94,36,2,6,150,2,SW
04-10-2022,23.1,29.2,25.8,90,12.8,2.5,4,150,2,SW
05-10-2022,24,29.2,27,80,1.4,2.8,4,160,2,C 
06-10-2022,24.8,29.2,26.4,82,8888,6,4,150,2,S 
07-10-2022,23.8,30.2,27,83,7,1,3,200,1,SW
08-10-2022,23.3,30,26.8,89,29.1,1,3,180,2,SW
09-10-2022,24.2,31,27.4,84,2.4,7,6,150,2,S 
10-10-2022,24.2,31.3,28.2,81,0.2,6.4,3,170,1,SW
11-10-2022,,30.7,27.6,80,0,8.5,6,140,2,SW
12-10-2022,24,30,26.9,82,3.2,8,7,150,3,W 
13-10-2022,24.2,29.7,26.8,82,1.5,5,6,240,2,SW
14-10-2022,23.2,29.2,26.4,88,37.2,6,6,180,2,W 
15-10-2022,23.8,30,27,87,54.4,5.5,4,150,2,S 
16-10-2022,24.4,30.3,27.2,84,0.1,6.6,6,240,2,SW
17-10-2022,23.8,29.2,25.3,93,,8.2,4,180,1,C 
18-10-2022,24.2,28,26.3,93,11.6,0,3,170,1,SW
19-10-2022,22,30.2,26.7,83,0,0.2,5,10,1,C 
20-10-2022,24.6,30.6,27.8,83,,3.1,7,20,2,C 
21-10-2022,24.2,31.3,27.7,87,21.8,4.3,8,20,2,C 
22-10-2022,24.8,31.4,27.5,83,0.2,5.2,5,130,1,C 
23-10-2022,23.6,32.4,28.6,76,1.7,6,3,120,1,C 
24-10-2022,23.6,31.1,26.7,83,,8.1,6,100,2,C 
25-10-2022,23.7,30.8,25,92,8888,6,5,100,2,W 
26-10-2022,23.8,30.5,27.5,76,25.6,5,4,220,2,C 
27-10-2022,23.8,29.4,25.7,88,,3,6,150,2,S 
28-10-2022,22.4,30.1,25.5,76,12,1,6,160,2,W 
29-10-2022,21.6,29.4,26.9,69,,4.5,4,190,2,SW
30-10-2022,23.2,30,27.5,65,,9.1,6,160,2,C 
31-10-2022,21.6,30,27.2,68,,9.8,6,140,2,S 
01-11-2022,23.8,30.7,27.8,74,23.8,7.8,4,130,2,SE
02-11-2022,24.2,31.2,27.6,80,6.4,7.9,6,120,3,W 
03-11-2022,24.1,,28.6,76,2.2,7.5,4,40,2,E 
04-11-2022,24.9,32.2,29.1,78,0,10,5,170,2,S 
05-11-2022,25.3,31.6,29,76,0,10,5,170,2,S 
06-11-2022,26.1,,,,0,9.3,4,190,3,SE
07-11-2022,25.6,31.4,28.5,75,0,6.5,4,100,2,W 
08-11-2022,25.5,31,26.4,86,0,5.5,3,130,1,C 
09-11-2022,23.9,,27.5,84,29.8,3,3,80,1,C 
10-11-2022,23.7,31.6,27.5,80,0,1,3,50,2,W 
11-11-2022,24,31.9,28,75,0,8.3,5,120,2,W 
12-11-2022,24.5,31.7,28,77,0,7.4,4,150,1,W 
13-11-2022,24.8,31.7,28.4,78,0,3.2,3,170,1,C 
14-11-2022,25.6,32.2,,,,4.1,4,110,1,C 
15-11-2022,24.2,32.1,27.1,85,0.6,7.5,3,90,1,C 
16-11-2022,22.8,31,26.3,84,19.3,5.7,5,120,1,C 
17-11-2022,23.6,32.2,27.9,78,2,4.4,4,80,1,C 
18-11-2022,24,29.9,26.1,90,4,5.5,6,140,2,W 
19-11-2022,23.2,29.4,26.2,85,27,0.9,5,80,2,W 
20-11-2022,23,31,28,80,,1,8,350,2,C 
21-11-2022,23.2,30.8,27,84,3.8,6.2,8,20,2,C 
22-11-2022,23.8,30.4,25.8,93,33,3,4,280,1,C 
23-11-2022,22.6,28.7,26,89,27,1.1,4,40,1,C 
24-11-2022,23.2,30.7,25.3,92,2.2,0,6,260,1,C 
25-11-2022,23.2,30.5,26.3,86,37.4,3.5,6,40,2,W 
26-11-2022,23.6,30.5,26.7,82,8888,1.5,4,200,1,C 
27-11-2022,23.4,31,,,,3.8,5,340,2,W 
28-11-2022,23.5,31,26.9,83,0.4,4,7,250,1,C 
29-11-2022,22.7,27.7,25.7,88,106,2.5,3,260,1,C 
30-11-2022,24.4,30.7,28.4,74,0,2,4,130,2,C 
01-12-2022,23.2,31,28.2,71,0,7,7,160,2,SW
02-12-2022,23.2,,28,72,,9.4,5,200,3,S 
03-12-2022,23.8,31.7,27.8,78,0,9,5,110,2,W 
04-12-2022,23.9,31.4,27.5,82,7.4,9,4,110,1,C 
05-12-2022,24.2,32,28.3,76,0.8,7,7,50,2,C 
06-12-2022,23.5,32,28.3,76,,9.5,6,30,2,C 
07-12-2022,25.4,32.2,29.4,76,0,7.8,7,100,2,SE
08-12-2022,25,32.5,29.1,75,,10.3,4,130,2,C 
09-12-2022,23.8,31.3,27.7,79,6.6,10.3,6,120,3,W 
10-12-2022,24.4,31.8,29.3,72,0,7.2,5,180,2,C 
11-12-2022,24.8,32.5,29.3,69,5.6,10.8,5,190,2,W 
12-12-2022,24.8,32.3,29.3,74,0.8,8.3,5,150,2,W 
13-12-2022,25,32.8,29.7,71,0,10,7,110,2,C 
14-12-2022,24.4,32.5,29,72,0,9.4,7,10,2,C 
15-12-2022,25,32.7,29.2,70,,8.6,4,80,2,E 
16-12-2022,23,31.6,27.6,80,0,9,7,170,2,C 
17-12-2022,24,30.8,27.2,76,8888,5.2,7,170,2,SE
18-12-2022,23.6,31.2,29,72,0,0.2,7,160,3,W 
19-12-2022,23.4,32.7,29.3,71,0.2,10,6,130,3,W 
20-12-2022,23.8,32.8,28.8,71,,11.5,5,160,2,S 
21-12-2022,24.2,32.4,28.1,77,1.2,6,4,220,2,SW
22-12-2022,23.8,30.9,27.1,78,0.4,7.5,11,220,4,SW
23-12-2022,24.6,30.6,27.8,77,0.8,1.5,5,110,1,C 
24-12-2022,23.4,29.5,25.8,82,4,1.8,4,120,1,C 
25-12-2022,23.7,28.1,25.9,87,2,0,5,200,1,C 
26-12-2022,23.6,29.5,26.7,80,1.2,0.1,4,40,1,C 
27-12-2022,24.2,30.2,27.1,80,0.2,1,4,40,1,C 
28-12-2022,24,31.5,26.3,84,0.2,,4,50,2,NE
29-12-2022,23,30.4,26.5,86,47,3.3,6,50,2,C 
30-12-2022,23.4,29.5,26.6,84,65.8,2.5,4,10,1,C 
31-12-2022,24.2,31.5,27.6,80,,4.4,4,180,2,NW
01-01-2023,24.2,31.8,27.3,81,2.6,5,4,160,2,C 
02-01-2023,23.4,31.6,26.5,89,34.6,5.2,8,220,2,C 
03-01-2023,24,32.6,28.1,72,5.8,4.5,7,270,2,SW
04-01-2023,24.4,33.8,29.1,68,0,7.5,9,210,3,S 
05-01-2023,24.1,34.2,28.7,70,0,10.5,7,220,4,SW
06-01-2023,23.6,32.7,29.2,66,0,8,9,200,4,SW
07-01-2023,23.6,34.2,29.3,64,,4.2,9,220,3,SW
08-01-2023,22.6,32.2,28.7,70,,8,9,150,2,S 
09-01-2023,23.4,32.3,27.4,72,0,8.5,5,220,2,C 
10-01-2023,23,32.2,28.5,71,,9.7,6,160,2,SW
11-01-2023,24,33.2,28.4,67,,9.2,7,240,2,SW
12-01-2023,23.8,33.5,28.8,63,0,11,7,170,2,S 
13-01-2023,22.4,32.8,27.5,71,0,10.5,6,140,1,C 
14-01-2023,23.4,33.8,27.4,76,,7.9,5,140,2,NE
15-01-2023,25,30.2,26.7,84,7,9,3,160,0,C 
16-01-2023,24,,26.6,86,8.2,1,5,190,1,C 
17-01-2023,23.8,30.8,26,90,13.8,4.1,4,70,1,C 
18-01-2023,23.8,,,,19.4,2.9,6,180,3,S 
19-01-2023,23.2,31.7,26.1,82,,3,6,280,1,C 
20-01-2023,23.1,29.8,25.7,88,20.4,1.9,4,220,1,C 
21-01-2023,23.2,30.8,26.8,83,22.2,3,6,290,2,C 
22-01-2023,23.6,30.9,26.9,80,16.6,6,3,90,2,W 
23-01-2023,21,31.4,26.9,76,8.4,6.8,3,190,1,C 
24-01-2023,23.4,32.4,28.6,78,,8,5,170,1,C 
25-01-2023,24.8,32.7,28.2,73,0,7.8,4,110,1,C 
26-01-2023,25,32,27.5,84,,7.3,6,230,2,C 
27-01-2023,23.4,28.7,25.4,90,11.8,1.5,3,130,1,C 
28-01-2023,23.2,30.2,24.5,95,58.8,2,6,120,2,C 
29-01-2023,23.6,30.6,26.9,86,11.8,1.3,4,50,0,C 
30-01-2023,24,30.4,27.1,84,0.8,1.9,6,120,1,C 
31-01-2023,24.9,30.4,26.8,85,,1,5,50,1,C 
01-02-2023,,30.7,26.9,84,0.2,1,8,30,2,NE
02-02-2023,24.1,29.1,26.2,84,2.4,4,6,30,2,NE
03-02-2023,23.6,29.2,26.3,83,0.6,0,3,90,1,C 
04-02-2023,23.9,29.3,25.8,89,0.2,0,4,50,1,C 
05-02-2023,22.8,29.1,25.9,81,27.9,0,6,30,2,SW
06-02-2023,23.7,29.6,26.1,83,1.9,0.5,3,170,1,C 
07-02-2023,23.4,29.7,26,88,7.4,0.3,4,40,2,N 
08-02-2023,23.8,32.2,26.2,89,14.8,0.8,5,290,2,N 
09-02-2023,23.6,30.2,26.3,91,15.2,2.5,6,40,2,NE
10-02-2023,24,29.6,25.8,92,6.4,4.5,7,30,2,NE
11-02-2023,23.6,31.4,26.1,91,101,2.5,5,110,1,C 
12-02-2023,23,30.9,25.6,90,91.2,3.8,7,340,2,SW
13-02-2023,23,30.7,25.4,87,15.8,3.2,8,200,2,C 
14-02-2023,22.8,31.1,27.2,81,9.8,6.5,5,200,1,C 
15-02-2023,23.6,30,26.3,87,5.2,8,7,200,1,C 
16-02-2023,23.4,30.5,25.2,90,,2,5,120,1,C 
17-02-2023,24,30.3,26.4,84,7.2,4.5,5,60,1,C 
18-02-2023,23.6,29.6,26.1,86,19.2,1.3,4,30,1,C 
19-02-2023,23.6,31.9,27.8,78,0,5.3,6,30,2,NE
20-02-2023,23.9,31.3,27.2,78,1,7.3,4,70,1,C 
21-02-2023,24.3,32,27.8,77,0,7.9,5,60,2,NE
22-02-2023,24,31.7,26.9,81,,8.5,6,190,2,C 
23-02-2023,23.8,31.5,26.8,88,4.4,7.7,5,340,1,C 
24-02-2023,24,30.9,25.5,92,3.8,,5,30,1,C 
25-02-2023,,31,26.4,86,25.6,3.8,4,60,1,C 
26-02-2023,23.1,30.3,26,84,14.8,2.5,4,50,1,C 
27-02-2023,23.3,31.8,26.7,84,6.8,3,4,70,2,C 
28-02-2023,23.6,29.3,25.7,87,14.8,7.2,5,20,2,C 
01-03-2023,23,30.6,27.1,78,5,1.4,9,190,2,NE
02-03-2023,23.7,30.5,25.1,87,0,2,6,50,2,NE
03-03-2023,22,30.6,26,78,29.4,7.2,5,40,2,NE
04-03-2023,22,31.8,27.3,76,0,10,5,340,2,C 
05-03-2023,22,30.7,27.3,77,0,9.5,5,30,1,C 
06-03-2023,23.4,31.7,26.4,80,0.4,7.5,7,200,2,C 
07-03-2023,22,32.4,27.2,74,15.8,7,5,120,2,W 
08-03-2023,22.5,32.4,26.1,79,8888,8,8,270,2,W 
09-03-2023,22.4,32.1,27.6,73,30.1,7.2,4,160,2,SW
10-03-2023,23.2,31.5,28.3,77,7.6,9.7,4,130,2,SW
11-03-2023,25,32.2,28.8,74,0,8,3,170,2,W 
12-03-2023,22.8,32.3,27.9,72,,8,5,90,3,SE
13-03-2023,23.8,31.4,28,71,,10.1,6,30,2,C 
14-03-2023,24,31.5,26.5,80,0,7.6,5,120,1,C 
15-03-2023,22,31.4,27.6,77,60.2,6.9,4,30,2,W 
16-03-2023,24,31.8,29,75,0,10.1,5,150,2,NW
17-03-2023,24.2,32.3,28.6,75,0,8.3,4,150,1,C 
18-03-2023,23.8,32.1,28,76,0,,5,40,2,NE
19-03-2023,23.6,32.9,28.5,74,,9.5,9,70,2,NE
20-03-2023,24.7,31.4,27.2,85,10.4,7.7,3,210,1,W 
21-03-2023,24.9,32.4,28.1,78,0.2,1.5,4,70,1,C 
22-03-2023,24.8,32.8,28.6,76,,9.3,7,20,2,C 
23-03-2023,24.9,32.5,29.5,74,0,9.8,6,80,2,C 
24-03-2023,23.2,33.3,29.2,73,,7.4,5,10,1,C 
25-03-2023,24.2,32.8,28.5,74,8888,9,6,50,2,C 
26-03-2023,25,31.9,28.1,79,0,8,10,70,2,C 
27-03-2023,24.8,31.3,26.9,85,0,4,5,20,2,C 
28-03-2023,23,31.2,26.4,89,2.6,5.2,8,40,2,C 
29-03-2023,,31.3,27.4,82,38,4,8,30,2,C 
30-03-2023,24.2,32.2,27.5,80,,5.7,6,160,2,C 
31-03-2023,23.9,31,26.8,80,,7.5,4,160,1,C 
01-04-2023,23.2,32.8,,,12.2,5.2,4,220,2,SW
02-04-2023,,30.3,25.9,87,8888,3.3,4,160,2,C 
03-04-2023,23,31.3,25.5,83,1.4,3,4,150,1,C 
04-04-2023,22,30.7,26.2,84,33.4,6,6,280,1,C 
05-04-2023,22.9,31.9,27,74,5.2,1.5,2,80,1,C 
06-04-2023,23,32,27.5,75,0,7,4,140,2,C 
07-04-2023,23.6,31.7,27.3,80,6.2,7.7,5,120,2,SE
08-04-2023,22.7,32.2,26.9,77,0,6,6,110,2,NW
09-04-2023,21.2,32.3,26.4,76,1.6,8.2,4,100,2,SW
10-04-2023,21.8,32.3,27.3,79,,6.7,6,130,2,C 
11-04-2023,22.6,33.4,27.2,80,28.6,4.2,4,150,1,C 
12-04-2023,24.3,30.9,27.1,82,,4.8,4,160,1,C 
13-04-2023,25.1,28.2,25.9,83,0,5.4,4,220,1,C 
14-04-2023,22.2,31.2,26.4,80,0.6,0,7,130,2,NW
15-04-2023,23,30.8,27.4,76,0,4.8,6,120,2,SE
16-04-2023,23.2,32.1,28,76,0.2,5.5,4,40,2,W 
17-04-2023,24,32,28,81,2,8.2,3,60,1,W 
18-04-2023,23.6,31.9,28,72,,8,4,190,2,C 
19-04-2023,24,31.8,28.8,74,,10.6,4,150,2,W 
20-04-2023,24.9,32.8,28.3,80,0,10.4,5,160,2,W 
21-04-2023,25.1,31.2,27.5,84,5.2,9.4,4,200,1,C 
22-04-2023,24.6,32.4,27.4,82,1.6,3.1,5,200,2,S 
23-04-2023,24,32,28.7,78,,8,4,130,2,SE
24-04-2023,24,32.3,28.9,77,0,9.9,5,90,2,C 
25-04-2023,24.4,32.7,28.4,74,0,10,9,40,3,NE
26-04-2023,26,31.4,28.7,77,0,10,6,200,2,C 
27-04-2023,26.9,31.4,28.5,81,8888,9,4,140,1,C 
28-04-2023,24.4,30.3,27.3,83,2.2,6.4,8,40,2,C 
29-04-2023,25.4,32.1,26.9,84,,1.8,10,30,3,C 
30-04-2023,24,31.5,27.3,85,5.8,2.8,4,130,1,C 
01-05-2023,24,31.2,27.9,79,,6.5,6,50,1,C 
02-05-2023,25.2,32.4,28.4,80,4,2.8,7,40,2,NE
03-05-2023,25.8,,28.5,78,,6.3,6,80,2,C 
04-05-2023,25.2,33.2,28.7,79,0.2,8.5,7,350,2,C 
05-05-2023,26.2,33.7,28.6,83,,9,5,170,2,S 
06-05-2023,25.6,30.8,27.9,85,3.2,9.9,6,170,2,S 
07-05-2023,26,31,28.3,76,1.6,5,5,160,2,SE
08-05-2023,25.4,31.7,29,78,,10.2,6,200,2,SW
09-05-2023,25.8,28.9,26.9,88,8888,,6,140,1,C 
10-05-2023,25.8,30.9,27.7,85,0,0,3,100,1,SW
11-05-2023,25.6,30.8,28.3,85,1.4,2.4,4,160,2,S 
12-05-2023,26.6,31.8,27.6,80,0,2.4,7,170,3,SW
13-05-2023,25.2,30.1,26.9,76,0,3.2,6,170,2,SW
14-05-2023,24,30.3,27.4,71,0,8.8,7,220,3,SW
15-05-2023,24.8,30,27.2,71,,10.2,7,210,3,SW
16-05-2023,24,29.1,26.6,72,0,7.6,5,180,2,W 
17-05-2023,23.4,30.4,,,,6.2,6,180,2,S 
18-05-2023,23.7,33.4,27.6,74,,6.5,4,170,2,SW
19-05-2023,23.2,36.2,27.3,70,,9,3,220,2,W 
20-05-2023,24.6,37.5,27.6,76,0,9.1,5,150,2,S 
21-05-2023,24.4,29.7,27.3,74,,8.2,3,160,1,C 
22-05-2023,22,,27.2,75,,10,4,160,2,S 